keys,pt_BR,en,es,fr
COMMON_BACK,Voltar,Back,Volver,Retour
COMMON_SAVE,Salvar,Save,Guardar,Sauvegarder
COMMON_CANCEL,Cancelar,Cancel,Cancelar,Annuler
COMMON_CONFIRM,Confirmar,Confirm,Confirmar,Confirmer
COMMON_LOADING,Carregando...,Loading...,Cargando...,Chargement...
COMMON_SAVED,Salvo!,Saved!,¡Guardado!,Sauvegardé !
COMMON_NONE,Nenhum,None,Ninguno,Aucun
COMMON_APPLY,Aplicar,Apply,Aplicar,Appliquer
COMMON_CONTINUE,Continuar,Continue,Continuar,Continuer
COMMON_LOCKED,Bloqueada,Locked,Bloqueada,Verrouillée
MENU_TITLE,TWILIGHT QUIVER,TWILIGHT QUIVER,TWILIGHT QUIVER,TWILIGHT QUIVER
MENU_SUBTITLE,top-down archer roguelike,top-down archer roguelike,roguelike de arquero top-down,roguelike d'archer en vue de dessus
MENU_START,Iniciar Jogo,Start Game,Empezar,Commencer
MENU_PLAYER,Inventário,Inventory,Inventario,Inventaire
MENU_SHOP,Loja,Shop,Tienda,Boutique
LOJA_TITLE,LOJA,SHOP,TIENDA,BOUTIQUE
LOJA_BUY,Comprar,Buy,Comprar,Acheter
LOJA_OWNED,Comprado,Owned,Comprado,Acheté
LOJA_INSUFFICIENT,Pétalas insuficientes,Not enough petals,Pétalos insuficientes,Pétales insuffisants
LOJA_CONFIRM,Comprar %s por %d pétalas?,Buy %s for %d petals?,¿Comprar %s por %d pétalos?,Acheter %s pour %d pétales ?
LOJA_CAT_SKINS,Skins,Skins,Skins,Apparences
LOJA_CAT_ITEMS,Itens,Items,Objetos,Objets
LOJA_DESC_WORLD_CUP,Skin temática de Copa do Mundo,World Cup themed skin,Skin temática del Mundial,Apparence sur le thème de la Coupe du Monde
PLAYER_QUEST_SHOP_PETALS,Disponível na loja por pétalas,Available in the petal shop,Disponible en la tienda de pétalos,Disponible dans la boutique de pétales
LOJA_NAME_RED_HAIR,Cabelo Vermelho,Red Hair,Pelo Rojo,Cheveux Roux
LOJA_DESC_RED_HAIR,Peça de cabelo vermelho para suas skins,Red hair piece for your skins,Pieza de pelo rojo para tus skins,Pièce de cheveux roux pour vos apparences
INVENTORY_UNLOCKED,Liberados,Unlocked,Desbloqueados,Débloqués
INVENTORY_LOCKED,Bloqueados,Locked,Bloqueados,Verrouillés
MENU_LEADERBOARD,Leaderboard,Leaderboard,Clasificación,Classement
MENU_SETTINGS,Configurações,Settings,Ajustes,Paramètres
MENU_DEV_MODE,Dev Mode,Dev Mode,Modo Dev,Mode Dev
MENU_QUIT,Quit,Quit,Salir,Quitter
NICKNAME_TITLE,BEM-VINDO,WELCOME,BIENVENIDO,BIENVENUE
NICKNAME_SUBTITLE,Qual o seu nick?,What's your nickname?,¿Cuál es tu nick?,Quel est votre pseudo ?
NICKNAME_PLACEHOLDER,Digite seu nick,Enter your nickname,Escribe tu nick,Entrez votre pseudo
NICKNAME_OK,Continuar,Continue,Continuar,Continuer
SETTINGS_TITLE,CONFIGURAÇÕES,SETTINGS,AJUSTES,PARAMÈTRES
SETTINGS_HEADER_DISPLAY,DISPLAY,DISPLAY,PANTALLA,AFFICHAGE
SETTINGS_HEADER_AUDIO,ÁUDIO,AUDIO,AUDIO,AUDIO
SETTINGS_HEADER_VIDEO,VÍDEO,VIDEO,VIDEO,VIDÉO
SETTINGS_HEADER_LOCALE,IDIOMA,LANGUAGE,IDIOMA,LANGUE
SETTINGS_DISPLAY_MODE,Modo de janela,Window mode,Modo de ventana,Mode fenêtre
SETTINGS_RESOLUTION,Resolução,Resolution,Resolución,Résolution
SETTINGS_AUDIO_MASTER,Mestre,Master,Principal,Principal
SETTINGS_AUDIO_MUSIC,Música,Music,Música,Musique
SETTINGS_AUDIO_SFX,Efeitos,SFX,Efectos,Effets
SETTINGS_VSYNC,VSync,VSync,VSync,VSync
SETTINGS_ULTRAWIDE,Preencher tela (ultrawide),Fill screen (ultrawide),Llenar pantalla (ultrawide),Remplir l'écran (ultralarge)
SETTINGS_FPS_CAP,FPS máximo,Max FPS,FPS máximo,FPS max
SETTINGS_SHOW_FPS,Mostrar FPS,Show FPS,Mostrar FPS,Afficher FPS
SETTINGS_HEADER_HUD,INTERFACE,INTERFACE,INTERFAZ,INTERFACE
SETTINGS_HIDE_TIMER,Esconder cronômetro,Hide timer,Ocultar cronómetro,Masquer le chronomètre
SETTINGS_HIDE_TIME_INFO,Esconder tempos de round/run,Hide round/run times,Ocultar tiempos de ronda/run,Masquer les temps de manche/partie
SETTINGS_HEADER_REPLAY,REPLAY,REPLAY,REPETICIÓN,REPLAY
SETTINGS_REPLAY_ENABLED,Replay da morte,Death replay,Repetición de muerte,Replay de mort
SETTINGS_REPLAY_SECONDS,Segundos antes da morte,Seconds before death,Segundos antes de morir,Secondes avant la mort
SETTINGS_LOCALE,Idioma,Language,Idioma,Langue
SETTINGS_DISPLAY_MODE_WINDOWED,Janela,Windowed,Ventana,Fenêtré
SETTINGS_DISPLAY_MODE_BORDERLESS,Tela cheia em janela,Borderless,Pantalla completa sin bordes,Plein écran fenêtré
SETTINGS_DISPLAY_MODE_FULLSCREEN,Tela cheia,Fullscreen,Pantalla completa,Plein écran
SETTINGS_FPS_UNLIMITED,Sem limite,Unlimited,Sin límite,Illimité
LEADERBOARD_TITLE,LEADERBOARD,LEADERBOARD,CLASIFICACIÓN,CLASSEMENT
LEADERBOARD_FILTER_VERSION,Versão,Version,Versión,Version
LEADERBOARD_FILTER_ALL,Todas,All,Todas,Tous
LEADERBOARD_COL_RANK,#,#,#,#
LEADERBOARD_COL_NICK,Nick,Nick,Nick,Pseudo
LEADERBOARD_COL_SCORE,Score,Score,Score,Score
LEADERBOARD_COL_WAVE,Wave,Raid,Raid,Raid
LEADERBOARD_COL_TIME,Tempo,Time,Tiempo,Temps
LEADERBOARD_COL_KILLS,Kills,Kills,Bajas,Éliminations
LEADERBOARD_COL_DAMAGE,Dano,Damage,Daño,Dégâts
LEADERBOARD_COL_VERSION,Versão,Version,Versión,Version
LEADERBOARD_NO_SCORES,Nenhum score nessa versão.,No scores for this version.,Sin puntuaciones para esta versión.,Aucun score pour cette version.
LEADERBOARD_ERROR,Erro: %s,Error: %s,Error: %s,Erreur : %s
LEADERBOARD_TAB_WAVES,Por Waves,By Raids,Por Raids,Par Raids
LEADERBOARD_TAB_TIME21,Tempo até o 21,Time to 21,Tiempo al 21,Temps jusqu'au 21
LEADERBOARD_BEST_TIME21,Seu melhor tempo até o 21,Your best time to 21,Tu mejor tiempo al 21,Votre meilleur temps jusqu'au 21
LEADERBOARD_TIME21_NONE,Vença o 2º boss para registrar seu tempo.,Beat the 2nd boss to log your time.,Vence al 2º jefe para registrar tu tiempo.,Battez le 2e boss pour enregistrer votre temps.
LEADERBOARD_TIME21_GLOBAL_SOON,Ranking global em breve.,Global ranking coming soon.,Ranking global muy pronto.,Classement mondial bientôt.
LEADERBOARD_TIME21_EMPTY,Ninguém venceu a wave 21 ainda. Seja o primeiro!,Nobody has beaten wave 21 yet. Be the first!,¡Nadie ha vencido la oleada 21 todavía. Sé el primero!,Personne n'a encore battu la vague 21. Soyez le premier !
LEADERBOARD_VIEW_BUILD,Ver build,View build,Ver build,Voir le build
LEADERBOARD_BUILD_NONE,Build não registrada nesta run.,Build not recorded for this run.,Build no registrada en esta partida.,Build non enregistré pour cette partie.
LEADERBOARD_BUILD_CAT_ELEMENTAL,Elemental,Elemental,Elemental,Élémentaire
LEADERBOARD_BUILD_CAT_STANDARD,Upgrades padrão,Standard upgrades,Mejoras estándar,Améliorations standard
LEADERBOARD_BUILD_CAT_STATUS,Status,Status,Estado,Statut
LEADERBOARD_BUILD_CAT_ALLIES,Aliados,Allies,Aliados,Alliés
LEADERBOARD_BUILD_CAT_ITEMS,Itens,Items,Objetos,Objets
LEADERBOARD_ARCHIVE_TOOLTIP,Runs antigas (temporada anterior),Old runs (previous season),Partidas antiguas (temporada anterior),Anciennes parties (saison précédente)
LEADERBOARD_ARCHIVE_BACK,Voltar ao ranking atual,Back to current ranking,Volver al ranking actual,Retour au classement actuel
PLAYER_TITLE,INVENTÁRIO,INVENTORY,INVENTARIO,INVENTAIRE
PLAYER_PROGRESS_HEADER,PROGRESSO,PROGRESS,PROGRESO,PROGRÈS
PLAYER_EMPTY,"Nenhuma skin disponível.
Drop PNGs em assets/player/<slot>/ pra criar variantes.","No skins available.
Drop PNGs in assets/player/<slot>/ to create variants.","Sin skins disponibles.
Suelta PNGs en assets/player/<slot>/ para crear variantes.","Aucune apparence disponible.
Déposez des PNG dans assets/player/<slot>/ pour créer des variantes."
PLAYER_SLOT_BODY,Corpo,Body,Cuerpo,Corps
PLAYER_SLOT_LEGS,Calça,Pants,Pantalón,Pantalon
PLAYER_SLOT_SHIRT,Camisa,Shirt,Camisa,Chemise
PLAYER_SLOT_ALFAJA,Alfaja,Sash,Faja,Ceinture
PLAYER_SLOT_CAPE,Capa e Máscara,Cape & Mask,Capa y Máscara,Cape et Masque
PLAYER_SLOT_QUIVER,Aljava,Quiver,Aljaba,Carquois
PLAYER_SLOT_HAIR,Cabelo,Hair,Cabello,Cheveux
PLAYER_SLOT_BOW,Arco,Bow,Arco,Arc
PLAYER_SLOT_KITS,Kits,Kits,Kits,Kits
INVENTORY_ITEMS_TAB,Itens,Items,Objetos,Objets
INVENTORY_MODE_SKINS,Skins,Skins,Skins,Skins
INVENTORY_MODE_EQUIP,Equipamentos,Equipment,Equipamiento,Équipement
INVENTORY_EQUIPPED,Equipado,Equipped,Equipado,Équipé
INVENTORY_EQUIP,Equipar,Equip,Equipar,Équiper
INVENTORY_DRAG_HINT,Arraste até 3 itens para os espaços,Drag up to 3 items into the slots,Arrastra hasta 3 objetos a las casillas,Glissez jusqu'à 3 objets dans les emplacements
ITEM_MIDNIGHT_DAGGER_NAME,Adaga da Meia-Noite,Midnight Dagger,Daga de Medianoche,Dague de Minuit
ITEM_MIDNIGHT_DAGGER_DESC,"Você começa a run com +1 nível de Dano, somando aos upgrades que comprar na loja.","You start the run with +1 Damage level, stacking with the upgrades you buy in the shop.","Empiezas la partida con +1 nivel de Daño, sumándose a las mejoras que compres en la tienda.","Vous commencez la partie avec +1 niveau de Dégâts, qui s'ajoute aux améliorations achetées en boutique."
ITEM_GOLDEN_BOW_NAME,Arco Dourado,Golden Bow,Arco Dorado,Arc Doré
ITEM_GOLDEN_BOW_DESC,"Você começa a run com +1 nível de Velocidade de Ataque, somando aos upgrades da loja.","You start the run with +1 Attack Speed level, stacking with the shop upgrades.","Empiezas la partida con +1 nivel de Velocidad de Ataque, sumándose a las mejoras de la tienda.","Vous commencez la partie avec +1 niveau de Vitesse d'Attaque, qui s'ajoute aux améliorations de la boutique."
ITEM_ELEMENTAL_MASTER_NAME,Mestre Elemental,Elemental Master,Maestro Elemental,Maître Élémentaire
ITEM_ELEMENTAL_MASTER_DESC,"No presente de boas-vindas, em vez de um upgrade aleatório, você escolhe 1 entre 3 elementais.","On the welcome gift, instead of a random upgrade, you choose 1 of 3 elementals.","En el regalo de bienvenida, en vez de una mejora aleatoria, eliges 1 entre 3 elementales.","Dans le cadeau de bienvenue, au lieu d'une amélioration aléatoire, vous choisissez 1 élémentaire parmi 3."
ITEM_ADOPT_ONE_MORE_NAME,Adote Mais Um,Adopt One More,Adopta Uno Más,Adoptez-en un de Plus
ITEM_ADOPT_ONE_MORE_DESC,"Enquanto equipado, você ganha +1 espaço de Aliado.","While equipped, you gain +1 Ally slot.","Mientras está equipado, ganas +1 espacio de Aliado.","Une fois équipé, vous gagnez +1 emplacement d'Allié."
ITEM_ARCANE_DIVIDEND_NAME,Dividendo Arcano,Arcane Dividend,Dividendo Arcano,Dividende Arcanique
ITEM_ARCANE_DIVIDEND_DESC,Ao fim de cada round: 50% de chance de ganhar +1 de gold extra e 2% de chance de ganhar +2.,At the end of every round: 50% chance to gain +1 extra gold and 2% chance to gain +2.,Al final de cada ronda: 50% de probabilidad de ganar +1 de oro extra y 2% de ganar +2.,À la fin de chaque manche : 50% de chance de gagner +1 d'or et 2% de chance d'en gagner +2.
ITEM_UNLOCK_HOW,Como liberar:,How to unlock:,Cómo desbloquear:,Comment débloquer :
ITEM_UNLOCK_SHOP,Disponível na loja,Available in the shop,Disponible en la tienda,Disponible en boutique
ITEM_REQ_ADOPT_HEAL,Cure 1500 de vida usando um Aliado,Heal 1500 HP using an Ally,Cura 1500 de vida usando un Aliado,Soignez 1500 PV avec un Allié
ITEM_REQ_ADOPT_KILLS,Acumule 300 eliminações de um Aliado,Get 300 kills from an Ally,Acumula 300 eliminaciones de un Aliado,Accumulez 300 éliminations d'un Allié
ITEM_REQ_ARCANE_GOLD,Gaste 2500 de gold no total,Spend 2500 gold in total,Gasta 2500 de oro en total,Dépensez 2500 d'or au total
ITEM_LUCKY_NAME,Estou com Sorte,Feeling Lucky,Tengo Suerte,J'ai de la Chance
ITEM_LUCKY_DESC,"Ao abrir cada loja, há 40% de chance da primeira rolagem de itens sair de graça (0 de gold).","When each shop opens, there's a 40% chance the first item roll is free (0 gold).","Al abrir cada tienda, hay 40% de probabilidad de que la primera tirada de objetos sea gratis (0 de oro).","À l'ouverture de chaque boutique, 40% de chance que le premier tirage d'objets soit gratuit (0 d'or)."
ITEM_REQ_LUCKY,Limpe uma wave em Twilight Quiver,Clear a wave in Twilight Quiver,Supera una oleada en Twilight Quiver,Terminez une vague dans Twilight Quiver
ITEM_REQ_ELEMENTAL,Compre a Roleta Elemental 5 vezes,Buy the Elemental Roulette 5 times,Compra la Ruleta Elemental 5 veces,Achetez la Roulette Élémentaire 5 fois
ITEM_CHAMADO_PALHACO_NAME,Chamado do Palhaço,Clown's Call,Llamada del Payaso,Appel du Clown
ITEM_CHAMADO_PALHACO_DESC,A carta Último Desejo aparece 4× mais na loja e pode surgir duas vezes por run — a segunda custa 20 de gold.,The Last Wish card shows up 4× more often in the shop and can appear twice per run — the second one costs 20 gold.,La carta Último Deseo aparece 4× más en la tienda y puede salir dos veces por partida — la segunda cuesta 20 de oro.,La carte Dernier Souhait apparaît 4× plus souvent en boutique et peut surgir deux fois par partie — la deuxième coûte 20 d'or.
ITEM_REQ_JOKER,Use o Último Desejo 25 vezes,Use Last Wish 25 times,Usa Último Deseo 25 veces,Utilisez Dernier Souhait 25 fois
ITEM_CAPACETE_VELOZ_NAME,Capacete Veloz,Swift Helmet,Casco Veloz,Casque Rapide
ITEM_CAPACETE_VELOZ_DESC,Cada nível de Armadura que você tem te dá +3% de chance de Dodge (esquivar o ataque inteiro).,Each Armor level you have grants +3% Dodge chance (avoid the whole hit).,Cada nivel de Armadura que tienes te da +3% de probabilidad de Esquiva (evitar el golpe entero).,Chaque niveau d'Armure que vous avez octroie +3% de chance d'Esquive (éviter tout le coup).
ITEM_REQ_CAPACETE,Compre Armadura antes da wave 4 e vença o 1º boss na mesma run,Buy Armor before wave 4 and defeat the first boss in the same run,Compra Armadura antes de la oleada 4 y vence al primer jefe en la misma partida,Achetez de l'Armure avant la vague 4 et battez le premier boss dans la même partie
ITEM_ESSENCIA_VITAL_NAME,Essência Vital,Vital Essence,Esencia Vital,Essence Vitale
ITEM_ESSENCIA_VITAL_DESC,Cada status de HP também dá -7% de cooldown (até -50%) e +5 de HP máximo.,Each HP upgrade also grants -7% cooldown (up to -50%) and +5 max HP.,Cada mejora de HP también da -7% de enfriamiento (hasta -50%) y +5 de HP máximo.,Chaque amélioration de PV octroie aussi -7% de temps de recharge (jusqu'à -50%) et +5 PV max.
ITEM_REQ_ESSENCIA_VITAL,Vença o boss da wave 7 com ao menos 2 status de HP,Beat the wave 7 boss with at least 2 HP upgrades,Vence al jefe de la oleada 7 con al menos 2 mejoras de HP,Battez le boss de la vague 7 avec au moins 2 améliorations de PV
ITEM_SANGUINARIO_NAME,Sanguinário,Bloodthirsty,Sanguinario,Sanguinaire
ITEM_SANGUINARIO_DESC,"Enquanto sua vida estiver abaixo de 40%, você causa +30% de dano em todas as fontes. O bônus some assim que você cura de volta para 40% ou mais.","While your health is below 40%, you deal +30% damage from all sources. The bonus fades the moment you heal back to 40% or more.","Mientras tu vida esté por debajo del 40%, causas +30% de daño de todas las fuentes. El bono desaparece en cuanto te curas al 40% o más.","Tant que votre vie est sous 40%, vous infligez +30% de dégâts de toutes les sources. Le bonus disparaît dès que vous remontez à 40% ou plus."
ITEM_CAJADO_CREPUSCULO_NAME,Cajado do Crepúsculo,Twilight Staff,Bastón del Crepúsculo,Bâton du Crépuscule
ITEM_CAJADO_CREPUSCULO_DESC,"+35% de dano em todas as skills (ativáveis e automáticas) e nos seus Aliados, e o drop de Relógios sobe para 4%. Em troca, suas flechas — normais e especiais (perfuração, múltipla, ricochete, água, pedra) — causam -30% de dano.","+35% damage to all skills (activatable and automatic) and to your Allies, and the Clock drop rate rises to 4%. In return, your arrows — normal and special (pierce, multi, ricochet, water, stone) — deal -30% damage.","+35% de daño en todas las habilidades (activables y automáticas) y en tus Aliados, y el drop de Relojes sube a 4%. A cambio, tus flechas — normales y especiales (perforación, múltiple, rebote, agua, piedra) — causan -30% de daño.","+35% de dégâts sur toutes les compétences (activables et automatiques) et sur vos Alliés, et le taux de drop des Horloges monte à 4%. En échange, vos flèches — normales et spéciales (perforation, multiple, ricochet, eau, pierre) — infligent -30% de dégâts."
ITEM_NO_LIMITE_NAME,No Limite,On the Edge,Al Límite,À la Limite
ITEM_NO_LIMITE_DESC,"Você começa a run com apenas 50 de HP máximo e o upgrade de HP some da loja. Em troca, já começa com +1 de Velocidade de Movimento e Chuva de Coins no Nível 2.","You start the run with only 50 max HP and the HP upgrade is removed from the shop. In return, you start with +1 Move Speed and Coin Rain at Level 2.","Empiezas la partida con solo 50 de HP máximo y la mejora de HP desaparece de la tienda. A cambio, empiezas con +1 de Velocidad de Movimiento y Lluvia de Monedas en Nivel 2.","Vous commencez la partie avec seulement 50 PV max et l'amélioration de PV disparaît de la boutique. En échange, vous commencez avec +1 Vitesse de Déplacement et Pluie de Pièces au Niveau 2."
ITEM_REQ_NO_LIMITE,Elimine 500 inimigos com 50% de HP ou menos,Kill 500 enemies while at 50% HP or less,Elimina 500 enemigos con 50% de HP o menos,Éliminez 500 ennemis avec 50% de PV ou moins
PLAYER_STAT_MAX_WAVE,Wave máxima,Max raid,Raid máximo,Raid max
PLAYER_STAT_KILLS,Inimigos mortos,Enemies killed,Enemigos eliminados,Ennemis tués
PLAYER_STAT_DAMAGE,Dano causado,Damage dealt,Daño causado,Dégâts infligés
PLAYER_STAT_RUNS,Runs,Runs,Partidas,Parties
PLAYER_QUEST_RED_VELVET,Alcance a raid 10,Reach raid 10,Alcanza el raid 10,Atteignez le raid 10
HUD_DASH_READY,Pronto,Ready,Listo,Prêt
HUD_RAID_INTRO,Raid %d,Raid %d,Raid %d,Raid %d
HUD_WAVE_CLEARED,%d° horda concluída,Raid %d cleared,Raid %d completado,Raid %d terminé
HUD_DODGE_MISS,MISS,MISS,FALLÓ,RATÉ
DMG_PANEL_TITLE,DANO NA WAVE,WAVE DAMAGE,DAÑO DEL RAID,DÉGÂTS DU RAID
DMG_PANEL_TOTAL,Total: %d,Total: %d,Total: %d,Total : %d
DMG_PANEL_EMPTY,Sem dano causado ainda,No damage dealt yet,Sin daño aún,Aucun dégât pour l'instant
DMG_PANEL_ARROW,Flecha,Arrow,Flecha,Flèche
DMG_PANEL_MULTI_ARROW,Multi-flecha,Multi-shot,Multi-flecha,Multi-flèche
DMG_PANEL_DOUBLE_ARROWS,Flechas Duplas,Double Arrows,Flechas dobles,Flèches doubles
DMG_PANEL_PERFURACAO,Perfuração,Pierce,Perforación,Perforation
DMG_PANEL_RICOCHET,Ricochete,Ricochet,Rebote,Ricochet
DMG_PANEL_SPECTRAL,Flecha Espectral,Spectral Arrow,Flecha Espectral,Flèche Spectrale
DMG_PANEL_TIDE_SPLASH,Splash Fúria da Maré,Tide Splash,Salpicadura Furia de la Marea,Éclaboussure Fureur de la Marée
DMG_PANEL_FIRE_DOT,Queimadura,Burn,Quemadura,Brûlure
DMG_PANEL_FIRE_SKILL,Skill de Fogo,Fire Skill,Habilidad de Fuego,Compétence Feu
DMG_PANEL_CURSE_DOT,Maldição (DoT),Curse (DoT),Maldición (DoT),Malédiction (DoT)
DMG_PANEL_ICE_DOT,Gelo (DoT),Ice (DoT),Hielo (DoT),Glace (DoT)
DMG_PANEL_CURSE_SKILL,Feixe da Maldição,Curse Beam,Rayo de Maldición,Rayon de Malédiction
DMG_PANEL_CHAIN,Cadeia de Raios,Chain Lightning,Cadena Eléctrica,Chaîne d'Éclairs
DMG_PANEL_CHAIN_AUTO,Auto-raio,Auto-bolt,Auto-rayo,Auto-éclair
DMG_PANEL_CHAIN_SKILL,Skill de Raios,Lightning Skill,Habilidad Eléctrica,Compétence Foudre
DMG_PANEL_GRAVITON,Gráviton,Graviton,Gravitón,Graviton
DMG_PANEL_TOWER,Torre de Flechas,Arrow Tower,Torre de Flechas,Tour à Flèches
DMG_PANEL_TING,Mecânico Ting,Ting,Ting,Ting
DMG_PANEL_CLAUDIO_DRUIDA,Claudio o Druida,Claudio the Druid,Claudio el Druida,Claudio le Druide
DMG_PANEL_LENO,Leno,Leno,Leno,Leno
DMG_PANEL_TILISKO,Tilisko,Tilisko,Tilisko,Tilisko
DMG_PANEL_CAPIVARA,Capivara Joe,Capybara Joe,Capivara Joe,Capybara Joe
DMG_PANEL_MINI_MAGO,Mini Mago,Mini Mage,Mini Mago,Mini Mage
DMG_PANEL_CURSE_ALLY,Aliados Flecha Profana,Curse Arrow Allies,Aliados Flecha Profana,Alliés Flèche Maudite
HUD_DEATH_SCORE,SCORE %d,SCORE %d,SCORE %d,SCORE %d
HUD_DEATH_SURVIVAL,Sobreviveu %d waves,Survived %d raids,Sobreviviste %d raids,Survécu à %d raids
HUD_PETAL_DEPOSIT,+%d pétalas depositadas (banco: %d),+%d petals deposited (bank: %d),+%d pétalos depositados (banco: %d),+%d pétales déposés (banque : %d)
HUD_REPLAY_DEATH_BUTTON,Ver replay da morte,Watch death replay,Ver repetición,Revoir la mort
HUD_REPLAY_TITLE,REPLAY,REPLAY,REPLAY,REJOUER
HUD_REPLAY_AGAIN,Ver novamente,Watch again,Ver de nuevo,Revoir
HUD_REPLAY_SAVE,Gravar replay,Save replay,Guardar repetición,Enregistrer
HUD_REPLAY_SAVED,Replay salvo em: %s,Replay saved to: %s,Repetición guardada en: %s,Replay enregistré dans : %s
HUD_REPLAY_SAVE_FAIL,Falha ao salvar o replay,Failed to save replay,Error al guardar,Échec de l'enregistrement
HUD_DEATH_BY_UNKNOWN,Morto por causa desconhecida,Killed by unknown cause,Muerto por causa desconocida,Tué par cause inconnue
HUD_DEATH_BY_MELEE,Morto pelo bote do macaco furioso,Killed by the angry monkey's strike,Muerto por el embate del mono furioso,Tué par l'attaque du singe enragé
HUD_DEATH_BY_MONKEY,Morto pelo golpe do macaco,Killed by the monkey's blow,Muerto por el golpe del mono,Tué par le coup du singe
HUD_DEATH_BY_STONE_CUBE,Morto pelo cubo de pedra,Killed by the stone cube,Muerto por el cubo de piedra,Tué par le cube de pierre
HUD_DEATH_BY_INSECT,Morto pelo cuspe do inseto,Killed by the insect's spit,Muerto por la escupida del insecto,Tué par le crachat de l'insecte
HUD_DEATH_BY_INSECT_POISON,Morto pelo veneno do inseto,Killed by the insect's poison,Muerto por el veneno del insecto,Tué par le poison de l'insecte
HUD_DEATH_BY_DARK_BALL,Morto pelo ataque da Dark Ball,Killed by the Dark Ball's strike,Muerto por el ataque de la Dark Ball,Tué par l'attaque de la Dark Ball
HUD_DEATH_BY_DARK_BALL_BURN,Morto pelo veneno da Dark Ball,Killed by the Dark Ball's venom,Muerto por el veneno de la Dark Ball,Tué par le venin de la Dark Ball
HUD_DEATH_BY_DARK_BALL_VENOM,Morto pela fumaça de veneno da Dark Ball,Killed by the Dark Ball's venom smoke,Muerto por la niebla venenosa de la Dark Ball,Tué par la brume toxique de la Dark Ball
HUD_DEATH_BY_MAGE,Morto pelo tiro do mago,Killed by the mage's shot,Muerto por el disparo del mago,Tué par le tir du mage
HUD_DEATH_BY_SUMMONER_MAGE,Morto pelo tiro do mago invocador,Killed by the summoner mage's shot,Muerto por el disparo del mago invocador,Tué par le tir du mage invocateur
HUD_DEATH_BY_FIRE_MAGE,Morto pelo tiro do mago de fogo,Killed by the fire mage's shot,Muerto por el disparo del mago de fuego,Tué par le tir du mage de feu
HUD_DEATH_BY_ICE_MAGE,Morto pelo tiro do mago de gelo,Killed by the ice mage's shot,Muerto por el disparo del mago de hielo,Tué par le tir du mage de glace
HUD_DEATH_BY_ELECTRIC_MAGE,Morto pelo raio do mago elétrico,Killed by the electric mage's lightning,Muerto por el rayo del mago eléctrico,Tué par l'éclair du mage électrique
HUD_DEATH_BY_MAGE_MONKEY,Morto pelo tiro do gorila mago,Killed by the mage gorilla's shot,Muerto por el disparo del gorila mago,Tué par le tir du gorille mage
HUD_DEATH_BY_MAGE_MONKEY_BEAM,Morto pelo raio laser do gorila mago,Killed by the mage gorilla's laser beam,Muerto por el rayo láser del gorila mago,Tué par le rayon laser du gorille mage
HUD_DEATH_BY_DUSKROSE,Morto pela Duskrose,Killed by Duskrose,Muerto por Duskrose,Tué par Duskrose
HUD_DEATH_BY_DUSKROSE_SMOKE,Morto pela nuvem de veneno da Duskrose,Killed by Duskrose's poison cloud,Muerto por la nube de veneno de Duskrose,Tué par le nuage de poison de Duskrose
HUD_DEATH_BY_DUSKROSE_VINE,Morto pelas vinhas espinhosas da Duskrose,Killed by Duskrose's thorny vines,Muerto por las espinas de Duskrose,Tué par les ronces de Duskrose
HUD_DEATH_BY_DUSKROSE_THORN_WALL,Morto pela barreira de espinhos,Killed by the thorn wall,Muerto por la muralla de espinas,Tué par le mur d'épines
HUD_DEATH_BY_DUSKROSE_TOXIC,Morto pelo véu tóxico da Duskrose,Killed by Duskrose's toxic veil,Muerto por el velo tóxico de Duskrose,Tué par le voile toxique de Duskrose
HUD_DEATH_BY_DUSKROSE_PROJECTILE,Morto pelos projéteis da Duskrose,Killed by Duskrose's projectiles,Muerto por los proyectiles de Duskrose,Tué par les projectiles de Duskrose
HUD_DEATH_BY_DUSKROSE_DASH,Morto pelo investida da Duskrose,Killed by Duskrose's lunge,Muerto por la embestida de Duskrose,Tué par la charge de Duskrose
HUD_DEATH_BY_ROSE_MONSTER,Morto pelo cuspe da Rosa Monstro,Killed by Rose Monster's spit,Muerto por el escupitajo de la Rosa Monstruo,Tué par le crachat de Rose Monstre
HUD_HINT_MOVE,Movimentar,Move,Moverse,Se déplacer
HUD_HINT_ATTACK,Atirar,Shoot,Disparar,Tirer
HUD_HINT_SKILL_SPACE,Habilidade,Ability,Habilidad,Compétence
HUD_HINT_SKILL_Q,Habilidade,Ability,Habilidad,Compétence
HUD_DEATH_RESTART,Jogar Novamente,Play Again,Jugar de nuevo,Rejouer
HUD_DEATH_MENU,Voltar ao Menu,Back to Menu,Volver al menú,Retour au menu
HUD_DEATH_STATS,"Tempo: %s
Inimigos mortos: %d
Aliados feitos: %d
Dano causado: %d
Dano sofrido: %d","Time: %s
Enemies killed: %d
Allies made: %d
Damage dealt: %d
Damage taken: %d","Tiempo: %s
Enemigos eliminados: %d
Aliados creados: %d
Daño causado: %d
Daño recibido: %d","Temps : %s
Ennemis tués : %d
Alliés créés : %d
Dégâts infligés : %d
Dégâts subis : %d"
HUD_DEATH_STATS_NO_TIME,"Inimigos mortos: %d
Aliados feitos: %d
Dano causado: %d
Dano sofrido: %d","Enemies killed: %d
Allies made: %d
Damage dealt: %d
Damage taken: %d","Enemigos eliminados: %d
Aliados creados: %d
Daño causado: %d
Daño recibido: %d","Ennemis tués : %d
Alliés créés : %d
Dégâts infligés : %d
Dégâts subis : %d"
HUD_UNLOCK_TITLE,SKIN DESBLOQUEADA!,SKIN UNLOCKED!,¡SKIN DESBLOQUEADA!,APPARENCE DÉBLOQUÉE !
HUD_ITEM_UNLOCK_TITLE,ITEM DESBLOQUEADO!,ITEM UNLOCKED!,¡OBJETO DESBLOQUEADO!,OBJET DÉBLOQUÉ !
RELEASE_NOTES_TITLE,NOVA VERSÃO,NEW VERSION,NUEVA VERSION,NOUVELLE VERSION
RELEASE_NOTES_DISMISS,Entendi,Got it,Entendido,Compris
HUD_TOWER_ATTACKED,Torre sob ataque,Tower under attack,Torre bajo ataque,Tour attaquée
HUD_PAUSE_TITLE,PAUSADO,PAUSED,PAUSADO,EN PAUSE
HUD_PAUSE_CONTINUE,Continuar,Continue,Continuar,Continuer
HUD_PAUSE_SETTINGS,Configurações,Settings,Ajustes,Paramètres
HUD_PAUSE_MENU,Voltar ao Menu,Back to Menu,Volver al menú,Retour au menu
HUD_QUIT_CONFIRM_MSG,Tem certeza que deseja voltar ao menu? O progresso desta run será perdido.,Are you sure you want to return to the menu? This run's progress will be lost.,¿Seguro que quieres volver al menú? El progreso de esta partida se perderá.,Êtes-vous sûr de vouloir revenir au menu ? La progression de cette partie sera perdue.
HUD_QUIT_CONFIRM_YES,Sim,Yes,Sí,Oui
HUD_QUIT_CONFIRM_NO,Não,No,No,Non
SHOP_NEXT_WAVE,Próxima Wave,Next Raid,Siguiente Raid,Raid suivant
SHOP_NEXT_WAVE_FMT,Próxima Wave: %d,Next Raid: %d,Siguiente Raid: %d,Raid suivant : %d
SHOP_CLEARED_INFO_FMT,Limpou a wave %d em %s,Cleared raid %d in %s,Limpiaste la raid %d en %s,Raid %d nettoyée en %s
SHOP_RUN_TOTAL_FMT,Tempo total da run: %s,Total run time: %s,Tiempo total de run: %s,Temps total: %s
SHOP_CLEARED_NO_TIME,Limpou a wave %d!,Cleared raid %d!,¡Limpiaste la raid %d!,Raid %d nettoyée !
SHOP_GOLD_LABEL,%d moedas,%d coins,%d monedas,%d pièces
SHOP_HEADER_STRUCTURES,ESTRUTURAS,STRUCTURES,ESTRUCTURAS,STRUCTURES
SHOP_HEADER_STATUS,STATUS,STATUS,ESTADO,STATS
SHOP_HEADER_ALLIES,ALIADOS,ALLIES,ALIADOS,ALLIÉS
SHOP_HEADER_ITEMS,ITENS,ITEMS,OBJETOS,OBJETS
SHOP_HEADER_UPGRADES,UPGRADES,UPGRADES,MEJORAS,AMÉLIORATIONS
SHOP_UPG_CAT_ELEMENTAL,Elemental,Elemental,Elemental,Élémentaire
SHOP_UPG_CAT_ARROW_MOD,Tipo de flecha,Arrow type,Tipo de flecha,Type de flèche
SHOP_UPG_CAT_ARROW_VOLLEY,Salva de flechas,Arrow volley,Salva de flechas,Volée de flèches
SHOP_UPG_CAT_MOBILITY,Mobilidade,Mobility,Movilidad,Mobilité
SHOP_UPG_CAT_HINT,Só é possível escolher 1 upgrade da mesma categoria (%s) por run,You can only pick 1 upgrade from the same category (%s) per run,Solo puedes elegir 1 mejora de la misma categoría (%s) por partida,Vous ne pouvez choisir qu'une amélioration de la même catégorie (%s) par partie
SHOP_STAT_HP,Vida,HP,Vida,PV
SHOP_STAT_DAMAGE,Dano,Damage,Daño,Dégâts
SHOP_STAT_MOVE_SPEED,Vel. Mov.,Move,Vel. Mov.,Mvt.
SHOP_STAT_ATTACK_SPEED,Vel. Atk.,Atk Speed,Vel. Atk.,Vit. Atq.
SHOP_STAT_ARMOR,Armadura,Armor,Armadura,Armure
SHOP_STAT_DODGE,Esquiva,Dodge,Evasión,Esquive
SHOP_STAT_CDR,Recarga,Cooldown,Recarga,Recharge
SHOP_BONUS_PLUS_ONE,BÔNUS +1!,BONUS +1!,¡BONUS +1!,BONUS +1 !
SHOP_JOKER_NAME,Último Desejo,Last Wish,Último Deseo,Dernier Souhait
SHOP_UPG_ELEMENTAL_ROULETTE,Roleta Elemental,Elemental Roulette,Ruleta Elemental,Roulette Élémentaire
SHOP_ELEMENTAL_ROULETTE_DESC,Troca seu elemental Nv 3 por um elemental Nv 4 aleatório (outro diferente),Swap your Lv 3 elemental for a random Lv 4 elemental (a different one),Cambia tu elemental Nv 3 por un elemental Nv 4 aleatorio (otro distinto),Échange ton élémentaire Niv 3 contre un élémentaire Niv 4 aléatoire (un autre)
SHOP_ROULETTE_REVEAL_TITLE,ROLETA ELEMENTAL,ELEMENTAL ROULETTE,RULETA ELEMENTAL,ROULETTE ÉLÉMENTAIRE
SHOP_ROULETTE_REVEAL_RESULT,Novo elemental: %s — Nv 4!,New elemental: %s — Lv 4!,Nuevo elemental: %s — Nv 4!,Nouvel élémentaire : %s — Niv 4 !
SHOP_ROULETTE_REVEAL_OK,Boa!,Nice!,¡Bien!,Super !
SHOP_FIRE_TRAIL_TITLE,RASTRO DE FOGO,FIRE TRAIL,RASTRO DE FUEGO,TRAÎNÉE DE FEU
SHOP_FIRE_TRAIL_SUBTITLE,Ambos causam %d de dano/s — escolha onde o fogo cai,Both deal %d damage/s — choose where the fire drops,Ambos causan %d de daño/s — elige dónde cae el fuego,Les deux infligent %d dégâts/s — choisissez où le feu tombe
SHOP_FIRE_TRAIL_OPT_PLAYER,Rastro no Player,Player Trail,Rastro en el Jugador,Traînée du Joueur
SHOP_FIRE_TRAIL_OPT_ARROW,Rastro na Flecha,Arrow Trail,Rastro en la Flecha,Traînée de la Flèche
SHOP_FIRE_TRAIL_DESC_PLAYER,Cai no chão por onde você anda,Drops on the ground where you walk,Cae al suelo por donde caminas,Tombe au sol là où vous marchez
SHOP_FIRE_TRAIL_DESC_ARROW,A flecha deixa fogo no caminho,The arrow leaves fire in its path,La flecha deja fuego en su camino,La flèche laisse du feu sur son chemin
SHOP_JOKER_TOOLTIP_HEADER,Último Desejo,Last Wish,Último Deseo,Dernier Souhait
SHOP_JOKER_TOOLTIP_BODY,"Sobe +1 nível em qualquer status, pet ou upgrade que você já tenha.","Levels up +1 any status, pet or upgrade you already own.","Sube +1 nivel en cualquier estado, mascota o mejora que ya tengas.","Augmente de +1 niveau n'importe quel statut, allié ou amélioration que vous possédez déjà."
SHOP_JOKER_TOOLTIP_RARE,Carta rara · uso único por run,Rare card · one use per run,Carta rara · un solo uso por partida,Carte rare · un seul usage par partie
SHOP_JOKER_MODAL_TITLE,Último Desejo — escolha o que upar,Last Wish — pick what to level up,Último Deseo — elige qué subir,Dernier Souhait — choisissez quoi améliorer
SHOP_JOKER_MODAL_SECTION_STATUS,STATUS,STATUS,ESTADO,STATS
SHOP_JOKER_MODAL_SECTION_PETS,ALIADOS,ALLIES,ALIADOS,ALLIÉS
SHOP_JOKER_MODAL_SECTION_UPGRADES,UPGRADES,UPGRADES,MEJORAS,AMÉLIORATIONS
SHOP_JOKER_MODAL_EMPTY,Nada upgradável disponível,Nothing upgradable available,Nada mejorable disponible,Rien à améliorer
SHOP_PLACEMENT_HINT,Escolha um dos 5 pontos para posicionar  -  Aperte Z para voltar,Pick one of the 5 spots to place  -  Press Z to go back,Elige uno de los 5 puntos para colocar  -  Pulsa Z para volver,Choisissez un des 5 emplacements  -  Appuyez sur Z pour revenir
SHOP_COMING_SOON,Em breve,Coming soon,Próximamente,Bientôt
SHOP_BLOCKED,Bloqueado,Blocked,Bloqueado,Bloqué
SHOP_BOSS_NO_STRUCTURES,"Sem estruturas
no round do boss","No structures
on boss round","Sin estructuras
en la ronda del jefe","Pas de structures
au tour du boss"
SHOP_FREE_PET,Pet grátis!,Free pet!,¡Mascota gratis!,Animal gratuit !
SHOP_FREE_PET_DESC,"Recebido nesta
wave","Received this
raid","Recibido en este
raid","Reçu dans ce
raid"
SHOP_MAX_REACHED,Max (4/4) atingido,Max (4/4) reached,Máx (4/4) alcanzado,Max (4/4) atteint
SHOP_OWNED_UPGRADES_TITLE,Seus Upgrades,Your Upgrades,Tus Mejoras,Vos Améliorations
SHOP_SEE_ALL_UPGRADES,Ver todos,See all,Ver todos,Tout voir
SHOP_PET_LIMIT_REACHED,Limite de 2 pets atingido — venda um pra trocar,Pet limit (2) reached — sell one to swap,Límite de 2 pets — vende uno para cambiar,Limite de 2 pets — vendez-en un pour changer
SHOP_VER_MAIS,+ ver mais,+ see more,+ ver más,+ voir plus
SHOP_SELL_PET_TITLE,Vender %s?,Sell %s?,¿Vender %s?,Vendre %s ?
SHOP_SELL_PET_BODY,Você vai receber %d moedas (metade do total pago: %d).,You'll receive %d coins (half of total paid: %d).,Recibirás %d monedas (mitad del total pagado: %d).,Vous recevrez %d pièces (moitié du total payé : %d).
SHOP_SELL_PET_CONFIRM,Vender,Sell,Vender,Vendre
SHOP_SELL_PET_CANCEL,Cancelar,Cancel,Cancelar,Annuler
SHOP_LOCK_TITLE_SINGULAR,"Desbloqueia em
%d turno","Unlocks in
%d round","Se desbloquea en
%d turno","Se débloque dans
%d tour"
SHOP_LOCK_TITLE_PLURAL,"Desbloqueia em
%d turnos","Unlocks in
%d rounds","Se desbloquea en
%d turnos","Se débloque dans
%d tours"
SHOP_TOWER_NAME,Torre 80% dano,Tower 80% dmg,Torre 80% daño,Tour 80% dégâts
SHOP_TOWER_DESC,"Atira em inimigos
próximos. 80% dano.","Shoots nearby
enemies. 80% dmg.","Dispara a enemigos
cercanos. 80% daño.","Tire sur les ennemis
proches. 80% dégâts."
SHOP_FIRE_ARROW_NAME,FLECHA DE FOGO,FIRE ARROW,FLECHA DE FUEGO,FLÈCHE DE FEU
SHOP_HP_TITLE,+ HP MÁXIMO,+ MAX HP,+ HP MÁXIMO,+ PV MAX
SHOP_HP_PLUS_18,+18 HP,+18 HP,+18 HP,+18 PV
SHOP_HP_PLUS_20,+20 HP,+20 HP,+20 HP,+20 PV
SHOP_HP_PLUS_22,+22 HP,+22 HP,+22 HP,+22 PV
SHOP_HP_PLUS_25,+25 HP,+25 HP,+25 HP,+25 PV
SHOP_DAMAGE,+24% dano,+24% dmg,+24% daño,+24% dégâts
SHOP_ATTACK_SPEED,+23% vel. ataque,+23% atk speed,+23% vel. ataque,+23% vit. attaque
SHOP_MOVE_SPEED,+10% vel. movimento,+10% move speed,+10% vel. movimiento,+10% vit. déplacement
SHOP_ARMOR_12,(-12% dano e slow),(-12% dmg & slow),(-12% daño y slow),(-12% dégâts & slow)
SHOP_ARMOR_18,(-18% dano e slow),(-18% dmg & slow),(-18% daño y slow),(-18% dégâts & slow)
SHOP_ARMOR_22,(-22% dano e slow),(-22% dmg & slow),(-22% daño y slow),(-22% dégâts & slow)
SHOP_ARMOR_25,(-25% dano e slow),(-25% dmg & slow),(-25% daño y slow),(-25% dégâts & slow)
SHOP_ARMOR_3,(-3% dano e slow),(-3% dmg & slow),(-3% daño y slow),(-3% dégâts & slow)
SHOP_UPG_PERFURACAO,Perfuração,Piercing,Perforación,Perforation
SHOP_UPG_SPECTRAL,Flecha Espectral,Spectral Arrow,Flecha Espectral,Flèche Spectrale
SHOP_SPECTRAL_DESC_1,"A cada 2 inimigos que você matar com suas flechas, nasce uma flecha espectral que persegue (sem errar) outro inimigo próximo, causando 50% do dano e os mesmos efeitos. Se ela matar, repete a 60% do dano.","Every 2 enemies you kill with your arrows, a spectral arrow seeks (never missing) a nearby enemy, dealing 50% damage and the same effects. If it kills, it repeats at 60% damage.","Cada 2 enemigos que mates con tus flechas, una flecha espectral persigue (sin fallar) a un enemigo cercano, causando 50% del daño y los mismos efectos. Si mata, repite al 60% del daño.","Tous les 2 ennemis tués avec vos flèches, une flèche spectrale poursuit (sans rater) un ennemi proche, infligeant 50% des dégâts et les mêmes effets. Si elle tue, elle répète à 60% des dégâts."
SHOP_SPECTRAL_DESC_2,A flecha espectral causa 75% do dano.,The spectral arrow deals 75% damage.,La flecha espectral causa 75% del daño.,La flèche spectrale inflige 75% des dégâts.
SHOP_SPECTRAL_DESC_3,"Saem duas flechas espectrais, em dois inimigos aleatórios.","Two spectral arrows spawn, at two random enemies.","Salen dos flechas espectrales, hacia dos enemigos aleatorios.","Deux flèches spectrales apparaissent, vers deux ennemis aléatoires."
SHOP_SPECTRAL_DESC_4,"85% do dano e três flechas espectrais, em três inimigos aleatórios.","85% damage and three spectral arrows, at three random enemies.","85% del daño y tres flechas espectrales, hacia tres enemigos aleatorios.","85% des dégâts et trois flèches spectrales, vers trois ennemis aléatoires."
SHOP_UPG_MULTI_ARROW,Múltiplas Flechas,Multiple Arrows,Flechas Múltiples,Flèches Multiples
SHOP_UPG_DOUBLE_ARROWS,Flechas Duplas,Double Arrows,Flechas Dobles,Flèches Doubles
SHOP_UPG_CHAIN_LIGHTNING,Cadeia de Raios,Chain Lightning,Cadena de Rayos,Chaîne d'Éclairs
SHOP_UPG_LIFE_STEAL,Mestre da Cura,Heal Master,Maestro de Cura,Maître Soigneur
SHOP_UPG_GOLD_MAGNET,Chuva de Coins,Coin Rain,Lluvia de Monedas,Pluie de Pièces
SHOP_UPG_DASH,Deslizando,Sliding,Deslizar,Esquive
SHOP_UPG_ESQUIVANDO,Esquivando,Dodging,Esquivando,Esquivant
SHOP_UPG_FENDA,Fenda Crepuscular,Twilight Rift,Grieta Crepuscular,Faille Crépusculaire
SHOP_UPG_ADRENALINA,Adrenalina,Adrenaline,Adrenalina,Adrénaline
SHOP_UPG_RICOCHET,Flecha Ricochete,Ricochet Arrow,Flecha Rebotadora,Flèche Ricochet
SHOP_UPG_GRAVITON,Gráviton,Graviton,Gravitón,Graviton
SHOP_UPG_FIRE_ARROW,Flecha de Fogo,Fire Arrow,Flecha de Fuego,Flèche de Feu
SHOP_UPG_CURSE_ARROW,Disparo Profano,Profane Shot,Disparo Profano,Tir Profane
SHOP_UPG_ICE_ARROW,Fica Frio,Stay Frosty,Mantente Fresco,Reste Calme
SHOP_UPG_STONE_ARROW,Disparo de Pedra,Stone Shot,Disparo de Piedra,Tir de Pierre
SHOP_UPG_TIDE_ARROW,Fúria da Maré,Tide's Fury,Furia de la Marea,Fureur de la Marée
SHOP_UPG_BOOMERANG,Boomerang Veloz,Swift Boomerang,Bumerán Veloz,Boomerang Rapide
SHOP_UPG_CRITICAL_CHANCE,Flechas Críticas,Critical Arrows,Flechas Críticas,Flèches Critiques
SHOP_CRITICAL_CHANCE_DESC_1,30% de chance de crítico em todas as fontes (crítico causa +50% de dano e mais knockback),30% crit chance from all sources (crits deal +50% damage and extra knockback),30% de probabilidad de crítico de todas las fuentes (los críticos causan +50% de daño y más empuje),30% de chance de critique de toutes les sources (les critiques infligent +50% de dégâts et plus de recul)
SHOP_CRITICAL_CHANCE_DESC_2,50% de chance de crítico (+50% de dano no crítico),50% crit chance (+50% crit damage),50% de probabilidad de crítico (+50% de daño crítico),50% de chance de critique (+50% de dégâts critiques)
SHOP_CRITICAL_CHANCE_DESC_3,70% de chance de crítico (+60% de dano no crítico),70% crit chance (+60% crit damage),70% de probabilidad de crítico (+60% de daño crítico),70% de chance de critique (+60% de dégâts critiques)
SHOP_CRITICAL_CHANCE_DESC_4,100% de chance de crítico (+65% de dano no crítico),100% crit chance (+65% crit damage),100% de probabilidad de crítico (+65% de daño crítico),100% de chance de critique (+65% de dégâts critiques)
DMG_PANEL_BOOMERANG,Boomerang Veloz,Swift Boomerang,Bumerán Veloz,Boomerang Rapide
DMG_PANEL_TIGER_CLAWS,Garras de Tigre,Tiger Claws,Garras de Tigre,Griffes de Tigre
DMG_PANEL_FENDA,Fenda Crepuscular,Twilight Rift,Grieta Crepuscular,Faille Crépusculaire
DMG_PANEL_FROSTWISP,Brisa Gelada,Frostwisp,Frostwisp,Frostwisp
DMG_PANEL_DARK_BALL,Dark Ball,Dark Ball,Dark Ball,Dark Ball
DMG_PANEL_DARK_BALL_BURN,Veneno da Dark Ball,Dark Ball Venom,Veneno de Dark Ball,Venin de Dark Ball
DMG_PANEL_DARK_BALL_VENOM,Fumaça da Dark Ball,Dark Ball Smoke,Niebla de Dark Ball,Brume de Dark Ball
HUD_DEATH_DMG_BREAKDOWN_TITLE,Dano por fonte:,Damage by source:,Daño por fuente:,Dégâts par source :
SHOP_BOOMERANG_DESC_1,"A cada 5s lança um bumerangue no inimigo mais próximo, causando 15 de dano na ida e na volta","Every 5s throws a boomerang at the nearest enemy, dealing 15 damage going and returning","Cada 5s lanza un bumerán al enemigo más cercano, causando 15 de daño a la ida y a la vuelta","Toutes les 5s lance un boomerang sur l'ennemi le plus proche, infligeant 15 dégâts à l'aller et au retour"
SHOP_BOOMERANG_DESC_2,CD reduzido para 4s e dano aumentado para 20,CD reduced to 4s and damage raised to 20,CD reducido a 4s y daño aumentado a 20,CD réduit à 4s et dégâts portés à 20
SHOP_BOOMERANG_DESC_3,+1 bumerangue (total 2) na direção oposta e dano aumentado para 25,+1 boomerang (2 total) in the opposite direction and damage raised to 25,+1 bumerán (2 en total) en dirección opuesta y daño aumentado a 25,+1 boomerang (2 au total) dans la direction opposée et dégâts portés à 25
SHOP_BOOMERANG_DESC_4,+2 bumerangues (total 4) em todas as direções e dano aumentado para 30,+2 boomerangs (4 total) in all directions and damage raised to 30,+2 bumeranes (4 en total) en todas las direcciones y daño aumentado a 30,+2 boomerangs (4 au total) dans toutes les directions et dégâts portés à 30
SHOP_UPG_TIGER_CLAWS,Garras de Tigre,Tiger Claws,Garras de Tigre,Griffes de Tigre
SHOP_TIGER_CLAWS_DESC_1,Garras arranham um alvo aleatório duas vezes (25 de dano cada) a cada 7s,Claws scratch a random target twice (25 damage each) every 7s,Las garras arañan a un objetivo aleatorio dos veces (25 de daño cada una) cada 7s,Les griffes lacèrent une cible aléatoire deux fois (25 dégâts chacune) toutes les 7s
SHOP_TIGER_CLAWS_DESC_2,2 alvos aleatórios e 27 de dano por arranhada,2 random targets and 27 damage per scratch,2 objetivos aleatorios y 27 de daño por arañazo,2 cibles aléatoires et 27 dégâts par lacération
SHOP_TIGER_CLAWS_DESC_3,"3 alvos, 40 de dano por arranhada e agora a cada 4,8s","3 targets, 40 damage per scratch and now every 4.8s","3 objetivos, 40 de daño por arañazo y ahora cada 4,8s","3 cibles, 40 dégâts par lacération et désormais toutes les 4,8s"
SHOP_TIGER_CLAWS_DESC_4,"4 alvos aleatórios, 48 de dano por arranhada e a cada 4s","4 random targets, 48 damage per scratch and every 4s","4 objetivos aleatorios, 48 de daño por arañazo y cada 4s","4 cibles aléatoires, 48 dégâts par lacération et toutes les 4s"
SHOP_ALLY_CLAUDIO_DRUIDA,Claudio o Druida,Claudio the Druid,Claudio el Druida,Claudio le Druide
SHOP_ALLY_LENO,Amigo Leno,Friend Leno,Amigo Leno,Ami Leno
SHOP_ALLY_TILISKO,Tilisko Arqueiro,Tilisko Archer,Tilisko Arquero,Tilisko Archer
SHOP_ALLY_TILISKO_DESC_1,"Um pinguim arqueiro que fica perto de você e atira junto a cada disparo seu, mirando na sua direção. A flecha causa 20% do seu dano e aplica os mesmos efeitos.","A penguin archer that stays near you and shoots with every shot you take, aiming your way. The arrow deals 20% of your damage and applies the same effects.","Un pingüino arquero que se queda cerca de ti y dispara con cada tiro tuyo, apuntando en tu dirección. La flecha causa 20% de tu daño y aplica los mismos efectos.","Un pingouin archer qui reste près de vous et tire à chacun de vos tirs, visant dans votre direction. La flèche inflige 20% de vos dégâts et applique les mêmes effets."
SHOP_ALLY_TILISKO_DESC_2,A flecha do Tilisko causa 30% do seu dano.,Tilisko's arrow deals 30% of your damage.,La flecha de Tilisko causa 30% de tu daño.,La flèche de Tilisko inflige 30% de vos dégâts.
SHOP_ALLY_TILISKO_DESC_3,"A flecha causa 60% do seu dano, e o Tilisko tem 30% de chance de mirar num inimigo aleatório da tela.","The arrow deals 60% of your damage, and Tilisko has a 30% chance to aim at a random enemy on screen.","La flecha causa 60% de tu daño, y Tilisko tiene 30% de probabilidad de apuntar a un enemigo aleatorio en pantalla.","La flèche inflige 60% de vos dégâts, et Tilisko a 30% de chance de viser un ennemi aléatoire à l'écran."
SHOP_ALLY_TILISKO_DESC_4,"As flechas do Tilisko passam a seguir TODAS as suas categorias: perfuram, ricocheteiam, saem múltiplas/duplas e espectrais.","Tilisko's arrows now follow ALL your categories: they pierce, ricochet, fire multiple/double and spectral.","Las flechas de Tilisko ahora siguen TODAS tus categorías: perforan, rebotan, salen múltiples/dobles y espectrales.","Les flèches de Tilisko suivent désormais TOUTES vos catégories : perforation, ricochet, multiples/doubles et spectrales."
SHOP_ALLY_CAPIVARA,Capivara Joe,Capybara Joe,Capibara Joe,Capybara Joe
SHOP_ALLY_TING,Mecânico Ting,Ting the Mechanic,Ting el Mecánico,Ting le Mécanicien
SHOP_ALLY_MINI_MAGO,Mini Mago,Mini Mage,Mini Mago,Mini Mage
SHOP_ALLY_ARBUSTO,Pai do verde e verde,Father of green and green,Padre del verde y verde,Père du vert et vert
SHOP_ARBUSTO_DESC_1,"Ganha o Pai do Verde, que corre pelo mapa e para virando um esconderijo. Ao se esconder nele você fica invulnerável, os inimigos perdem o foco (vão atrás do mini verde, 120 HP) e você ganha +12% de velocidade de ataque e +5 de dano por flecha","Gain the Father of Green, who runs across the map and stops to become a hiding spot. Hiding in it makes you invulnerable, enemies lose focus (they chase the little green, 120 HP) and you gain +12% attack speed and +5 damage per arrow","Obtienes al Padre del Verde, que corre por el mapa y se detiene volviéndose un escondite. Al esconderte te vuelves invulnerable, los enemigos pierden el foco (van tras el mini verde, 120 HP) y ganas +12% de velocidad de ataque y +5 de daño por flecha","Obtenez le Père du Vert, qui parcourt la carte et s'arrête en devenant une cachette. En vous y cachant vous devenez invulnérable, les ennemis perdent leur cible (ils poursuivent le petit vert, 120 PV) et vous gagnez +12% de vitesse d'attaque et +5 de dégâts par flèche"
SHOP_ARBUSTO_DESC_2,O esconderijo passa a dar +20% de velocidade de ataque e +9 de dano por flecha,The hiding spot now gives +20% attack speed and +9 damage per arrow,El escondite ahora da +20% de velocidad de ataque y +9 de daño por flecha,La cachette donne désormais +20% de vitesse d'attaque et +9 de dégâts par flèche
SHOP_ARBUSTO_DESC_3,Ganha 2 minis verdes (150 HP cada) e o Pai do Verde vira esconderijo com mais frequência,Gain 2 little greens (150 HP each) and the Father of Green becomes a hiding spot more often,Obtienes 2 minis verdes (150 HP cada uno) y el Padre del Verde se vuelve escondite con más frecuencia,Obtenez 2 petits verts (150 PV chacun) et le Père du Vert devient une cachette plus souvent
SHOP_ARBUSTO_DESC_4,"O esconderijo dá +30% de velocidade de ataque, +14 de dano por flecha e cada acerto enquanto escondido te cura 5 HP","The hiding spot gives +30% attack speed, +14 damage per arrow and each hit while hidden heals you 5 HP","El escondite da +30% de velocidad de ataque, +14 de daño por flecha y cada acierto mientras estás escondido te cura 5 HP","La cachette donne +30% de vitesse d'attaque, +14 de dégâts par flèche et chaque coup porté en étant caché vous soigne de 5 PV"
SHOP_MINI_MAGO_DESC_1,"Ganha o Mini Mago, que a cada 8s invoca um macaco aliado pra lutar ao seu lado","Gain the Mini Mage, who every 8s summons an ally monkey to fight by your side","Obtienes al Mini Mago, que cada 8s invoca un mono aliado para luchar a tu lado","Obtenez le Mini Mage, qui toutes les 8s invoque un singe allié pour combattre à vos côtés"
SHOP_MINI_MAGO_DESC_2,"Invoca a cada 6s e os macacos vêm 25% mais fortes (HP, dano, velocidade de ataque e de movimento)","Summons every 6s and monkeys come 25% stronger (HP, damage, attack and movement speed)","Invoca cada 6s y los monos vienen 25% más fuertes (HP, daño, velocidad de ataque y de movimiento)","Invoque toutes les 6s et les singes arrivent 25% plus forts (PV, dégâts, vitesse d'attaque et de déplacement)"
SHOP_MINI_MAGO_DESC_3,Passa a invocar 2 macacos por vez (mantendo os bônus),Now summons 2 monkeys at a time (keeping the bonuses),Ahora invoca 2 monos a la vez (manteniendo los bonos),Invoque désormais 2 singes à la fois (en gardant les bonus)
SHOP_MINI_MAGO_DESC_4,Passa a invocar 3 macacos por vez (mantendo os bônus),Now summons 3 monkeys at a time (keeping the bonuses),Ahora invoca 3 monos a la vez (manteniendo los bonos),Invoque désormais 3 singes à la fois (en gardant les bonus)
SHOP_HP_DESC_1,+18 HP máximo,+18 max HP,+18 HP máximo,+18 PV max
SHOP_HP_DESC_2,+20 HP máximo,+20 max HP,+20 HP máximo,+20 PV max
SHOP_HP_DESC_3,+22 HP máximo,+22 max HP,+22 HP máximo,+22 PV max
SHOP_HP_DESC_4,+25 HP máximo,+25 max HP,+25 HP máximo,+25 PV max
SHOP_ARMOR_DESC_1,12% de redução do dano e slow sofrido,12% reduction of damage and slow taken,12% de reducción del daño y ralentización recibidos,12% de réduction des dégâts et ralentissement subis
SHOP_ARMOR_DESC_2,18% de redução do dano e slow sofrido,18% reduction of damage and slow taken,18% de reducción del daño y ralentización recibidos,18% de réduction des dégâts et ralentissement subis
SHOP_ARMOR_DESC_3,22% de redução do dano e slow sofrido,22% reduction of damage and slow taken,22% de reducción del daño y ralentización recibidos,22% de réduction des dégâts et ralentissement subis
SHOP_ARMOR_DESC_4,25% de redução do dano e slow sofrido,25% reduction of damage and slow taken,25% de reducción del daño y ralentización recibidos,25% de réduction des dégâts et ralentissement subis
SHOP_ARMOR_DESC_5,+3% de redução do dano e slow sofrido por compra,+3% damage and slow reduction per purchase,+3% de reducción de daño y ralentización por compra,+3% de réduction des dégâts et ralentissement par achat
SHOP_DAMAGE_DESC,+24% de dano em todas as fontes,+24% damage from all sources,+24% de daño de todas las fuentes,+24% de dégâts de toutes les sources
SHOP_PERFURACAO_DESC_1,"A cada 3 ataques, sua flecha atravessa inimigos e objetos e causa +30% de dano no 1º alvo","Every 3 attacks, your arrow pierces enemies and objects and deals +30% damage to the 1st target","Cada 3 ataques, tu flecha perfora enemigos y objetos y causa +30% de daño al 1er objetivo","Toutes les 3 attaques, votre flèche perfore ennemis et objets et inflige +30% de dégâts à la 1re cible"
SHOP_PERFURACAO_DESC_2,+60% de dano no 1º alvo e hitbox maior,+60% damage to the 1st target and bigger hitbox,+60% de daño al 1er objetivo y hitbox más grande,+60% de dégâts à la 1re cible et hitbox plus grande
SHOP_PERFURACAO_DESC_3,Agora atravessa a cada 2 ataques e +90% de dano no 1º alvo,Now pierces every 2 attacks and +90% damage to the 1st target,Ahora perfora cada 2 ataques y +90% de daño al 1er objetivo,Perfore désormais toutes les 2 attaques et +90% de dégâts à la 1re cible
SHOP_PERFURACAO_DESC_4,Todo ataque atravessa,Every attack pierces,Cada ataque perfora,Chaque attaque perfore
SHOP_ATTACK_SPEED_DESC,+23% de velocidade de ataque,+23% attack speed,+23% de velocidad de ataque,+23% de vitesse d'attaque
SHOP_MULTI_ARROW_DESC_1,"Dispara +2 flechas laterais a cada ataque, causando 30% do dano","Fires +2 side arrows each attack, dealing 30% damage","Dispara +2 flechas laterales en cada ataque, causando 30% del daño","Tire +2 flèches latérales à chaque attaque, infligeant 30% des dégâts"
SHOP_MULTI_ARROW_DESC_2,Flechas laterais passam a causar 65% do dano,Side arrows now deal 65% damage,Las flechas laterales ahora causan 65% del daño,Les flèches latérales infligent désormais 65% des dégâts
SHOP_MULTI_ARROW_DESC_3,Flechas laterais passam a causar 75% do dano,Side arrows now deal 75% damage,Las flechas laterales ahora causan 75% del daño,Les flèches latérales infligent désormais 75% des dégâts
SHOP_MULTI_ARROW_DESC_4,"Aumenta para +4 flechas laterais, causando 85% do dano","Increases to +4 side arrows, dealing 85% damage","Aumenta a +4 flechas laterales, causando 85% del daño","Passe à +4 flèches latérales, infligeant 85% des dégâts"
SHOP_DOUBLE_ARROWS_DESC_1,50% de chance de lançar uma flecha extra que causa 70% do dano,50% chance to fire an extra arrow dealing 70% damage,50% de probabilidad de lanzar una flecha extra que causa 70% del daño,50% de chance de tirer une flèche supplémentaire infligeant 70% des dégâts
SHOP_DOUBLE_ARROWS_DESC_2,60% de chance e ambas com dano total,60% chance and both deal full damage,60% de probabilidad y ambas con daño total,60% de chance et les deux à pleins dégâts
SHOP_DOUBLE_ARROWS_DESC_3,75% de chance de flecha dupla e 45% de chance de flecha tripla,75% chance of a double arrow and 45% chance of a triple arrow,75% de probabilidad de flecha doble y 45% de flecha triple,75% de chance de flèche double et 45% de flèche triple
SHOP_DOUBLE_ARROWS_DESC_4,"90% de chance de dupla, 60% de tripla e 5% de quíntupla","90% double, 60% triple and 5% quintuple chance","90% doble, 60% triple y 5% quíntuple","90% double, 60% triple et 5% quintuple"
SHOP_CHAIN_LIGHTNING_DESC_1,Causa 30% do dano no inimigo mais próximo,Deals 30% damage to the nearest enemy,Causa 30% del daño al enemigo más cercano,Inflige 30% des dégâts à l'ennemi le plus proche
SHOP_CHAIN_LIGHTNING_DESC_2,"Causa 50% do dano em 2 a 3 inimigos próximos. A cada 5s, um raio atinge um inimigo por perto.","Deals 50% damage to 2-3 nearby enemies. Every 5s, a bolt strikes a random nearby enemy.","Inflige 50% del daño a 2-3 enemigos cercanos. Cada 5s, un rayo golpea a un enemigo cercano.","Inflige 50% des dégâts à 2-3 ennemis proches. Toutes les 5s, un éclair frappe un ennemi proche."
SHOP_CHAIN_LIGHTNING_DESC_3,Causa 60% do dano em 4 inimigos e ganha a skill Q: um raio que causa grande dano em área,Deals 60% damage to 4 enemies and unlocks Q skill: a bolt dealing big area damage,Causa 60% del daño a 4 enemigos y desbloquea la habilidad Q: un rayo que causa gran daño en área,Inflige 60% des dégâts à 4 ennemis et débloque la compétence Q : un éclair infligeant de gros dégâts de zone
SHOP_CHAIN_LIGHTNING_DESC_4,Causa 100% do dano em todos os inimigos próximos e +20% de dano no Q,Deals 100% damage to all nearby enemies and +20% damage on Q,Causa 100% del daño a todos los enemigos cercanos y +20% de daño en la Q,Inflige 100% des dégâts à tous les ennemis proches et +20% de dégâts sur la Q
SHOP_MOVE_SPEED_DESC,+10% de velocidade de movimento,+10% movement speed,+10% de velocidad de movimiento,+10% de vitesse de déplacement
SHOP_GOLD_MAGNET_DESC_1,Inimigos têm +5% de chance de dropar moedas e elas duram 25% mais,Enemies have +5% chance to drop coins and they last 25% longer,Los enemigos tienen +5% de probabilidad de soltar monedas y duran 25% más,Les ennemis ont +5% de chance de lâcher des pièces et elles durent 25% plus longtemps
SHOP_GOLD_MAGNET_DESC_2,As moedas duram 2x mais e +2% de chance de drop,Coins last twice as long and +2% drop chance,Las monedas duran el doble y +2% de probabilidad de drop,Les pièces durent deux fois plus longtemps et +2% de chance de drop
SHOP_GOLD_MAGNET_DESC_3,+2% de chance de drop e pegar moedas gera um pulso de slow,+2% drop chance and picking up coins creates a slow pulse,+2% de probabilidad de drop y recoger monedas genera un pulso de ralentización,+2% de chance de drop et ramasser des pièces crée une impulsion de ralentissement
SHOP_GOLD_MAGNET_DESC_4,Puxa todas as moedas de uma área,Pulls every coin in an area,Atrae todas las monedas de un área,Attire toutes les pièces d'une zone
SHOP_DASH_DESC_1,"Espaço dá um dash rápido que te deixa invulnerável por um instante (CD 6,3s)",Space performs a quick dash that makes you briefly invulnerable (CD 6.3s),"Espacio realiza un dash rápido que te vuelve invulnerable un instante (CD 6,3s)","Espace effectue un dash rapide qui vous rend brièvement invulnérable (CD 6,3s)"
SHOP_DASH_DESC_2,"O dash passa a deixar um rastro de veneno que causa dano (CD 5,3s)",The dash now leaves a poison trail that deals damage (CD 5.3s),"El dash ahora deja una estela de veneno que causa daño (CD 5,3s)","Le dash laisse désormais une traînée de poison qui inflige des dégâts (CD 5,3s)"
SHOP_DASH_DESC_3,"Ao dar dash você dispara um auto-ataque de flechas (CD 4,8s)",On dash you fire an automatic arrow attack (CD 4.8s),"Al hacer dash disparas un autoataque de flechas (CD 4,8s)","En faisant un dash, vous tirez une attaque automatique de flèches (CD 4,8s)"
SHOP_DASH_DESC_4,"O dash dispara um auto-ataque extra (CD 4,3s)",The dash fires an extra auto-attack (CD 4.3s),"El dash dispara un autoataque extra (CD 4,3s)","Le dash déclenche une attaque automatique supplémentaire (CD 4,3s)"
SHOP_ESQUIVANDO_DESC_1,Acertar inimigos te dá velocidade de ataque e de movimento por 2s (máx 3 stacks) e 2% de chance de esquiva,Hitting enemies grants attack and movement speed for 2s (max 3 stacks) and 2% dodge chance,Golpear enemigos te da velocidad de ataque y de movimiento por 2s (máx 3 stacks) y 2% de esquiva,Toucher des ennemis octroie vitesse d'attaque et de déplacement pendant 2s (max 3 cumuls) et 2% d'esquive
SHOP_ESQUIVANDO_DESC_2,"Mais stats por stack, pegar moedas também dá stacks e Espaço: +30% de velocidade por 3s","More stats per stack, picking up coins also grants stacks and Space: +30% speed for 3s","Más stats por stack, recoger monedas también da stacks y Espacio: +30% de velocidad por 3s","Plus de stats par cumul, ramasser des pièces donne aussi des cumuls et Espace : +30% de vitesse pendant 3s"
SHOP_ESQUIVANDO_DESC_3,"Mais stats por stack, mais chance de esquiva e CD da skill reduzido para 12,5s","More stats per stack, higher dodge chance and skill CD reduced to 12.5s","Más stats por stack, más esquiva y CD de la habilidad reducido a 12,5s","Plus de stats par cumul, plus d'esquive et CD de la compétence réduit à 12,5s"
SHOP_ESQUIVANDO_DESC_4,"Mais stats por stack, máximo sobe para 5 stacks e CD da skill reduzido para 10s","More stats per stack, max rises to 5 stacks and skill CD reduced to 10s","Más stats por stack, máximo sube a 5 stacks y CD de la habilidad reducido a 10s","Plus de stats par cumul, max porté à 5 cumuls et CD de la compétence réduit à 10s"
SHOP_FENDA_DESC_1,Teleporta para o ponto do cursor (CD 20s),Teleport to the cursor point (CD 20s),Teletranspórtate al punto del cursor (CD 20s),Téléportez-vous au point du curseur (CD 20s)
SHOP_FENDA_DESC_2,Cria um corte no caminho percorrido (25 de dano em quem for atingido) e CD reduzido para 18s,Creates a slash along the path traveled (25 damage to enemies hit) and CD reduced to 18s,Crea un corte en el camino recorrido (25 de daño a los enemigos alcanzados) y CD reducido a 18s,Crée une entaille sur le trajet (25 dégâts aux ennemis touchés) et CD réduit à 18s
SHOP_FENDA_DESC_3,"Após teleportar, 1,3s para usar de novo — o corte rasga em até 3 pontos (acerta o mesmo inimigo várias vezes). CD reduzido para 16s","After teleporting, 1.3s to use again — the slash tears across up to 3 points (hits the same enemy multiple times). CD reduced to 16s","Tras teletransportarte, 1,3s para usar de nuevo — el corte rasga hasta 3 puntos (golpea al mismo enemigo varias veces). CD reducido a 16s","Après téléportation, 1,3s pour réutiliser — l'entaille déchire jusqu'à 3 points (touche le même ennemi plusieurs fois). CD réduit à 16s"
SHOP_FENDA_DESC_4,CD reduzido para 14s e dano aumentado para 50,CD reduced to 14s and damage raised to 50,CD reducido a 14s y daño aumentado a 50,CD réduit à 14s et dégâts portés à 50
SHOP_ADRENALINA_DESC_1,"Ganha +5% de velocidade de movimento e mais +0,5% para cada 1 de vida abaixo de 100.","Gain +5% movement speed, plus +0.5% for each 1 HP below 100.","Ganas +5% de velocidad de movimiento y +0,5% por cada 1 de vida bajo 100.","Gagne +5% de vitesse de déplacement, plus +0,5% par point de vie sous 100."
SHOP_ADRENALINA_DESC_2,"O ganho por vida perdida sobe para +0,7% para cada 1 de vida abaixo de 100.","The gain per missing health rises to +0.7% for each 1 HP below 100.","La ganancia por vida perdida sube a +0,7% por cada 1 de vida bajo 100.","Le gain par vie perdue monte à +0,7% par point de vie sous 100."
SHOP_ADRENALINA_DESC_3,"Espaço: por 5s, +15% de cadência de ataque e seus tiros curam 10 de vida ao acertar. Recarga 17s.","Space: for 5s, +15% attack speed and your shots heal 10 HP on hit. 17s cooldown.","Espacio: por 5s, +15% de cadencia de ataque y tus disparos curan 10 de vida al acertar. Recarga 17s.","Espace : pendant 5s, +15% de cadence de tir et vos tirs soignent 10 PV à l'impact. Recharge 17s."
SHOP_ADRENALINA_DESC_4,A fúria também te dá +25% de velocidade e a cadência sobe pra +30% durante a skill. Recarga 15s.,The rush also grants +25% movement speed and attack speed rises to +30% during the skill. 15s cooldown.,La furia también da +25% de velocidad y la cadencia sube a +30% durante la habilidad. Recarga 15s.,La fureur donne aussi +25% de vitesse et la cadence monte à +30% pendant la compétence. Recharge 15s.
SHOP_LIFE_STEAL_DESC_1,Inimigos têm 12% de chance de dropar uma cura de 15% do HP,Enemies have a 12% chance to drop a heal worth 15% HP,Los enemigos tienen 12% de probabilidad de soltar una cura del 15% de HP,Les ennemis ont 12% de chance de lâcher un soin de 15% des PV
SHOP_LIFE_STEAL_DESC_2,+5% de chance de drop e +5% de cura,+5% drop chance and +5% heal,+5% de probabilidad de drop y +5% de cura,+5% de chance de drop et +5% de soin
SHOP_LIFE_STEAL_DESC_3,+5% de chance de drop e +5% de cura,+5% drop chance and +5% heal,+5% de probabilidad de drop y +5% de cura,+5% de chance de drop et +5% de soin
SHOP_LIFE_STEAL_DESC_4,+5% de chance de drop e puxa as curas de uma área,+5% drop chance and pulls heals from an area,+5% de probabilidad de drop y atrae las curas de un área,+5% de chance de drop et attire les soins d'une zone
SHOP_RICOCHET_DESC_1,"A cada 3 ataques, sua flecha ricocheteia aleatoriamente","Every 3 attacks, your arrow ricochets to a random target","Cada 3 ataques, tu flecha rebota aleatoriamente","Toutes les 3 attaques, votre flèche ricoche aléatoirement"
SHOP_RICOCHET_DESC_2,Agora a cada 2 ataques e se divide em 2 flechas,Now every 2 attacks and splits into 2 arrows,Ahora cada 2 ataques y se divide en 2 flechas,Désormais toutes les 2 attaques et se divise en 2 flèches
SHOP_RICOCHET_DESC_3,Ricocheteia mais uma vez,Ricochets one more time,Rebota una vez más,Ricoche une fois de plus
SHOP_RICOCHET_DESC_4,O segundo ricochete também se divide,The second ricochet also splits,El segundo rebote también se divide,Le second ricochet se divise aussi
SHOP_GRAVITON_DESC_1,A cada 3 ataques cria um campo gravitacional que puxa inimigos e causa 20% de slow,Every 3 attacks creates a gravity field that pulls enemies and applies 20% slow,Cada 3 ataques crea un campo gravitatorio que atrae enemigos y aplica 20% de ralentización,Toutes les 3 attaques crée un champ gravitationnel qui attire les ennemis et applique 20% de ralentissement
SHOP_GRAVITON_DESC_2,"Agora a cada 2 ataques, slow sobe para 30% e dura mais","Now every 2 attacks, slow rises to 30% and lasts longer","Ahora cada 2 ataques, la ralentización sube a 30% y dura más","Désormais toutes les 2 attaques, le ralentissement passe à 30% et dure plus longtemps"
SHOP_GRAVITON_DESC_3,Aumenta a área do campo gravitacional,Increases the gravity field's area,Aumenta el área del campo gravitatorio,Augmente la zone du champ gravitationnel
SHOP_GRAVITON_DESC_4,"Ao acabar, o campo explode causando 20 de dano em área","When it ends, the field explodes dealing 20 area damage","Al terminar, el campo explota causando 20 de daño en área","À la fin, le champ explose en infligeant 20 dégâts de zone"
SHOP_LENO_DESC_1,Leno cospe causando 8 de dano por ataque e slow em área,"Leno spits, dealing 8 damage per attack and an area slow",Leno escupe causando 8 de daño por ataque y ralentización en área,"Leno crache, infligeant 8 dégâts par attaque et un ralentissement de zone"
SHOP_LENO_DESC_2,Dano sobe para 18 e ganha velocidade de ataque,Damage rises to 18 and gains attack speed,El daño sube a 18 y gana velocidad de ataque,Les dégâts passent à 18 et gagne en vitesse d'attaque
SHOP_LENO_DESC_3,+1 cópia do Leno (2 no total),+1 Leno copy (2 total),+1 copia de Leno (2 en total),+1 copie de Leno (2 au total)
SHOP_LENO_DESC_4,+1 cópia do Leno (3 no total),+1 Leno copy (3 total),+1 copia de Leno (3 en total),+1 copie de Leno (3 au total)
SHOP_CAPIVARA_DESC_1,"Ganha a Capivara Joe, um pet que vagueia e a cada 19,5s larga um cogumelo. Pegá-lo cura 29 HP (se você estiver com menos da metade da vida) ou dá um forte impulso de velocidade de movimento por alguns segundos","Gain Capivara Joe, a pet that wanders and drops a mushroom every 19.5s. Picking it up heals 29 HP (if below half health) or gives a strong movement speed boost for a few seconds","Obtienes a Capivara Joe, una mascota que deambula y suelta un hongo cada 19,5s. Recogerlo cura 29 HP (si estás por debajo de la mitad de vida) o da un fuerte impulso de velocidad de movimiento por unos segundos","Obtenez Capivara Joe, un familier qui erre et lâche un champignon toutes les 19,5s. Le ramasser soigne 29 PV (si vous êtes sous la moitié de la vie) ou donne un grand bonus de vitesse de déplacement pendant quelques secondes"
SHOP_CAPIVARA_DESC_2,"Larga cogumelos a cada 10,75s e passa a alternar entre o cogumelo de buff e um cogumelo roxo de dano, que explode quando um inimigo pisa (40 de dano em área por 5s)",Drops mushrooms every 10.75s and alternates between the buff mushroom and a purple damage mushroom that explodes when an enemy steps on it (40 area damage over 5s),"Suelta hongos cada 10,75s y alterna entre el hongo de mejora y un hongo morado de daño que explota cuando un enemigo lo pisa (40 de daño en área durante 5s)","Lâche des champignons toutes les 10,75s et alterne entre le champignon de bonus et un champignon violet de dégâts qui explose quand un ennemi marche dessus (40 dégâts de zone sur 5s)"
SHOP_CAPIVARA_DESC_3,"O cogumelo de buff agora dá cura e velocidade juntos, além de +50% de velocidade de ataque","The buff mushroom now gives heal and speed together, plus +50% attack speed","El hongo de mejora ahora da cura y velocidad juntos, además de +50% de velocidad de ataque","Le champignon de bonus donne désormais soin et vitesse ensemble, plus +50% de vitesse d'attaque"
SHOP_CAPIVARA_DESC_4,Ganha +1 Capivara Joe (2 no total),Gain +1 Capivara Joe (2 total),Obtienes +1 Capivara Joe (2 en total),Obtenez +1 Capivara Joe (2 au total)
SHOP_TING_DESC_1,"Ganha o Mecânico Ting, que a cada 15s constrói uma torreta que atira no inimigo mais próximo (25 de dano, escala com seu Dano) e dura 8s","Gain Ting the Mechanic, who every 15s builds a turret that shoots the nearest enemy (25 damage, scales with your Damage) and lasts 8s","Obtienes a Ting el Mecánico, que cada 15s construye una torreta que dispara al enemigo más cercano (25 de daño, escala con tu Daño) y dura 8s","Obtenez Ting le Mécanicien, qui toutes les 15s construit une tourelle qui tire sur l'ennemi le plus proche (25 dégâts, évolue avec vos Dégâts) et dure 8s"
SHOP_TING_DESC_2,A torreta passa a causar 10% do dano em área e dura 9s,The turret now deals 10% area damage and lasts 9s,La torreta ahora causa 10% de daño en área y dura 9s,La tourelle inflige désormais 10% de dégâts de zone et dure 9s
SHOP_TING_DESC_3,"Constrói torretas a cada 13s e elas atiram mais rápido (a cada 1,7s)",Builds turrets every 13s and they shoot faster (every 1.7s),"Construye torretas cada 13s y disparan más rápido (cada 1,7s)","Construit des tourelles toutes les 13s et elles tirent plus vite (toutes les 1,7s)"
SHOP_TING_DESC_4,Ganha +1 Mecânico Ting (2 no total),Gain +1 Ting the Mechanic (2 total),Obtienes +1 Ting el Mecánico (2 en total),Obtenez +1 Ting le Mécanicien (2 au total)
SHOP_FIRE_ARROW_DESC_1,"Suas flechas queimam inimigos, causando 6 de dano/s por 5s","Your arrows burn enemies, dealing 6 damage/s for 5s","Tus flechas queman a los enemigos, causando 6 de daño/s durante 5s","Vos flèches brûlent les ennemis, infligeant 6 dégâts/s pendant 5s"
SHOP_FIRE_ARROW_DESC_2,Queimadura sobe para 7 de dano/s. Ganha um rastro de fogo (3 de dano/s) — escolha se ele cai no player ou na flecha.,Burn rises to 7 damage/s. Gain a fire trail (3 damage/s) — choose if it drops on the player or the arrow.,La quemadura sube a 7 de daño/s. Ganas una estela de fuego (3 de daño/s) — elige si cae en el jugador o en la flecha.,La brûlure passe à 7 dégâts/s. Vous gagnez une traînée de feu (3 dégâts/s) — choisissez si elle tombe sur le joueur ou sur la flèche.
SHOP_FIRE_ARROW_DESC_3,Queimadura sobe para 9 de dano/s e ganha a skill Q: uma chama em área que causa 12 de dano/s,Burn rises to 9 damage/s and unlocks Q skill: a flame area dealing 12 damage/s,La quemadura sube a 9 de daño/s y desbloquea la habilidad Q: un área de llamas que causa 12 de daño/s,La brûlure passe à 9 dégâts/s et débloque la compétence Q : une zone de flammes infligeant 12 dégâts/s
SHOP_FIRE_ARROW_DESC_4,"Queimadura sobe para 12 de dano/s, +30% em todo dano de fogo e você fica com os dois rastros de fogo (no player e na flecha)","Burn rises to 12 damage/s, +30% to all fire damage and you get both fire trails (player and arrow)","La quemadura sube a 12 de daño/s, +30% a todo el daño de fuego y obtienes las dos estelas de fuego (jugador y flecha)","La brûlure passe à 12 dégâts/s, +30% à tous les dégâts de feu et vous obtenez les deux traînées de feu (joueur et flèche)"
SHOP_CURSE_ARROW_DESC_1,"Slow de 35% e 3 de dano/s. Ao morrer, a maldição propaga para o alvo mais próximo","35% slow and 3 damage/s. On death, the curse spreads to the nearest target","35% de ralentización y 3 de daño/s. Al morir, la maldición se propaga al objetivo más cercano","35% de ralentissement et 3 dégâts/s. À la mort, la malédiction se propage à la cible la plus proche"
SHOP_CURSE_ARROW_DESC_2,"Slow de 42%, 4 de dano/s e 18% de chance do abate virar aliado","42% slow, 4 damage/s and 18% chance a kill becomes an ally","42% de ralentización, 4 de daño/s y 18% de probabilidad de que un abatido se vuelva aliado","42% de ralentissement, 4 dégâts/s et 18% de chance qu'une élimination devienne un allié"
SHOP_CURSE_ARROW_DESC_3,"Slow de 48%, 6 de dano/s, 33% de chance de virar aliado, aliados aplicam maldição e ela propaga para 2 alvos","48% slow, 6 damage/s, 33% ally chance, allies apply the curse and it spreads to 2 targets","48% de ralentización, 6 de daño/s, 33% de probabilidad de aliado, los aliados aplican la maldición y se propaga a 2 objetivos","48% de ralentissement, 6 dégâts/s, 33% de chance d'allié, les alliés appliquent la malédiction et elle se propage à 2 cibles"
SHOP_CURSE_ARROW_DESC_4,"Slow de 55%, 8 de dano/s, 50% de chance do abate virar aliado e skill Q: um raio púrpura (CD 20s)","55% slow, 8 damage/s, 50% chance a kill becomes an ally and Q skill: a purple beam (CD 20s)","55% de ralentización, 8 de daño/s, 50% de probabilidad de aliado y habilidad Q: un rayo púrpura (CD 20s)","55% de ralentissement, 8 dégâts/s, 50% de chance d'allié et compétence Q : un rayon pourpre (CD 20s)"
SHOP_ICE_ARROW_DESC_1,Suas flechas congelam inimigos por 2s e causam 4 de dano/s enquanto congelados,Your arrows freeze enemies for 2s and deal 4 damage/s while frozen,Tus flechas congelan a los enemigos por 2s y causan 4 de daño/s mientras están congelados,Vos flèches gèlent les ennemis pendant 2s et infligent 4 dégâts/s tant qu'ils sont gelés
SHOP_ICE_ARROW_DESC_2,"Dobra o dano do gelo (8 de dano/s) e cria uma área nevada com slow por 5,5s",Doubles ice damage (8 damage/s) and creates a snowy slow area for 5.5s,"Duplica el daño de hielo (8 de daño/s) y crea un área nevada con ralentización por 5,5s","Double les dégâts de glace (8 dégâts/s) et crée une zone enneigée ralentissante pendant 5,5s"
SHOP_ICE_ARROW_DESC_3,"Ganha a Brisa Gelada aliada, que bombardeia uma área por 15s","Gain the Frost Breeze ally, which bombards an area for 15s","Obtienes la Brisa Helada aliada, que bombardea un área por 15s","Obtenez l'alliée Brise Glaciale, qui bombarde une zone pendant 15s"
SHOP_ICE_ARROW_DESC_4,Skill Q: pausa o tempo por 3s (só você se move) — CD 28s. +25% dano da Brisa Gelada e +2 no gelo,Q skill: freezes time for 3s (only you move) — CD 28s. +25% Frost Breeze damage and +2 ice damage,Habilidad Q: pausa el tiempo por 3s (solo tú te mueves) — CD 28s. +25% daño de la Brisa Helada y +2 de hielo,Compétence Q : fige le temps pendant 3s (vous seul bougez) — CD 28s. +25% dégâts de la Brise Glaciale et +2 de glace
SHOP_STONE_ARROW_DESC_1,"Suas flechas viram pedras: menor alcance, +40% de dano e atordoamento em área","Your arrows turn to stone: shorter range, +40% damage and area stun","Tus flechas se vuelven piedra: menor alcance, +40% de daño y aturdimiento en área","Vos flèches deviennent des pierres : portée réduite, +40% de dégâts et étourdissement de zone"
SHOP_TIDE_ARROW_DESC_1,"Bolha de água lenta: −16% de dano, +20% de velocidade de ataque. O impacto marca uma área — inimigos tomam +13% de dano (acumula 2× = +26%) por 3s e sofrem um leve dano","Slow water bubble: −16% damage, +20% attack speed. The impact marks an area — enemies take +13% damage (stacks 2× = +26%) for 3s and take light damage","Burbuja de agua lenta: −16% de daño, +20% de velocidad de ataque. El impacto marca un área — los enemigos reciben +13% de daño (acumula 2× = +26%) por 3s y sufren un leve daño","Bulle d'eau lente : −16% de dégâts, +20% de vitesse d'attaque. L'impact marque une zone — les ennemis subissent +13% de dégâts (cumule 2× = +26%) pendant 3s et subissent de légers dégâts"
SHOP_TIDE_ARROW_DESC_2,A Vulnerabilidade sobe pra +28% de dano por stack (até +56% com 2) e +5% de velocidade de ataque,Vulnerability rises to +28% damage per stack (up to +56% with 2) and +5% attack speed,La Vulnerabilidad sube a +28% de daño por stack (hasta +56% con 2) y +5% de velocidad de ataque,La Vulnérabilité monte à +28% de dégâts par cumul (jusqu'à +56% avec 2) et +5% de vitesse d'attaque
SHOP_TIDE_ARROW_DESC_3,"Habilidade Q — Escudo de Água: fica invulnerável (sem dano nem lentidão) por 4s, recarrega em 25s. +5% de velocidade de ataque","Q skill — Water Shield: become invulnerable (no damage or slow) for 4s, 25s cooldown. +5% attack speed","Habilidad Q — Escudo de Agua: te vuelves invulnerable (sin daño ni lentitud) por 4s, recarga en 25s. +5% de velocidad de ataque","Compétence Q — Bouclier d'Eau : devient invulnérable (ni dégâts ni ralentissement) pendant 4s, recharge en 25s. +5% de vitesse d'attaque"
SHOP_TIDE_ARROW_DESC_4,L4: o Q também invoca uma onda que varre o mapa de cima a baixo — 35 de dano e 2 stacks de Vulnerabilidade em quem ela tocar,L4: Q also summons a wave that sweeps the whole map top to bottom — 35 damage and 2 Vulnerability stacks to anything it touches,L4: la Q también invoca una ola que barre el mapa de arriba abajo — 35 de daño y 2 cargas de Vulnerabilidad a quien toque,L4 : la Q invoque aussi une vague qui balaie toute la carte de haut en bas — 35 dégâts et 2 cumuls de Vulnérabilité à tout ce qu'elle touche
SHOP_STONE_ARROW_DESC_2,Aumenta o dano e amplia a área de dano e de atordoamento,Increases damage and widens the damage and stun area,Aumenta el daño y amplía el área de daño y aturdimiento,Augmente les dégâts et élargit la zone de dégâts et d'étourdissement
SHOP_STONE_ARROW_DESC_3,Ganha dois cubos de pedra aliados no início de cada round,Gain two ally stone cubes at the start of each round,Obtienes dos cubos de piedra aliados al inicio de cada ronda,Obtenez deux cubes de pierre alliés au début de chaque manche
SHOP_STONE_ARROW_DESC_4,Skill Q: atordoa todos os inimigos e causa muito dano ao seu redor,Q skill: stuns all enemies and deals heavy damage around you,Habilidad Q: aturde a todos los enemigos y causa mucho daño a tu alrededor,Compétence Q : étourdit tous les ennemis et inflige de lourds dégâts autour de vous
SHOP_CD_MAX,Max (4/4) atingido,Max (4/4) reached,Máx (4/4) alcanzado,Max (4/4) atteint
SHOP_CD_DESC_1,Ganha um aliado tank que atordoa ao golpear e atrai projéteis inimigos,Gain a tank ally that stuns on hit and draws enemy projectiles,Obtienes un aliado tanque que aturde al golpear y atrae los proyectiles enemigos,Obtenez un allié tank qui étourdit en frappant et attire les projectiles ennemis
SHOP_CD_DESC_2,Os ataques do Cláudio passam a te curar +25 HP,Claudio's attacks now heal you +25 HP,Los ataques de Claudio ahora te curan +25 HP,Les attaques de Claudio vous soignent désormais de +25 PV
SHOP_CD_DESC_3,+1 cópia do Cláudio e a cura sobe para +30 HP,+1 Claudio copy and the heal rises to +30 HP,+1 copia de Claudio y la cura sube a +30 HP,+1 copie de Claudio et le soin passe à +30 PV
SHOP_CD_DESC_4,Cláudio ganha +150 HP e mais dano e velocidade de ataque,Claudio gains +150 HP and more damage and attack speed,Claudio gana +150 HP y más daño y velocidad de ataque,Claudio gagne +150 PV et plus de dégâts et de vitesse d'attaque
HUD_FREE_UPGRADE_TITLE,BÔNUS DE BOAS-VINDAS,WELCOME BONUS,BONUS DE BIENVENIDA,BONUS DE BIENVENUE
HUD_ELEMENTAL_CHOICE_TITLE,ESCOLHA UM ELEMENTAL DE BOAS-VINDAS,CHOOSE A WELCOME ELEMENTAL,ELIGE UN ELEMENTAL DE BIENVENIDA,CHOISISSEZ UN ÉLÉMENTAIRE DE BIENVENUE
HUD_FREE_PET_TITLE,ALIADO GRÁTIS!,FREE ALLY!,¡ALIADO GRATIS!,ALLIE GRATUIT !
SHOP_UPG_DAMAGE,Dano,Damage,Daño,Dégâts
SHOP_UPG_ATTACK_SPEED,Velocidade de Ataque,Attack Speed,Velocidad de Ataque,Vitesse d'Attaque
SHOP_UPG_MOVE_SPEED,Velocidade de Movimento,Move Speed,Velocidad de Movimiento,Vitesse de Déplacement
SHOP_UPG_ARMOR,Armadura,Armor,Armadura,Armure
PLAYER_QUEST_GINGERALE,Mate 3000 inimigos no total,Kill 3000 enemies total,Mata 3000 enemigos en total,Tuez 3000 ennemis au total
PLAYER_QUEST_BLUEY,Derrote o boss Mage Monkey (raid 7),Defeat the Mage Monkey boss (raid 7),Derrota al jefe Mago Mono (oleada 7),Vainquez le boss Singe Mage (vague 7)
PLAYER_QUEST_LINKED,Renasça 200 macaquinhos como aliados,Reincarnate 200 monkeys as allies,Renace 200 monitos como aliados,Faites renaître 200 petits singes en alliés
PLAYER_QUEST_HAWK,"Passe das raids 1, 2 e 3 sem tomar dano","Clear raids 1, 2 and 3 without taking damage","Supera las oleadas 1, 2 y 3 sin recibir daño","Passez les vagues 1, 2 et 3 sans subir de dégâts"
PLAYER_QUEST_ROSA_ONYX,Derrote a Duskrose (raid 14),Defeat Duskrose (raid 14),Derrota a Duskrose (oleada 14),Vaincre Duskrose (vague 14)
PLAYER_QUEST_EARTHY,Cause 1000s de stun no total,Deal 1000s of stun total,Causa 1000s de stun en total,Infligez 1000s d'étourdissement au total
PLAYER_QUEST_SKELETON,Pegue o Level 4 de qualquer Elemental,Get Level 4 of any Elemental,Consigue el Nivel 4 de cualquier Elemental,Obtenez le Niveau 4 de tout Élémentaire
PLAYER_QUEST_URBAN,Use a skill Q ou Espaço 500 vezes,Use the Q or Space skill 500 times,Usa la habilidad Q o Espacio 500 veces,Utilisez la compétence Q ou Espace 500 fois
PLAYER_QUEST_DESTINY,Derrote os dois chefes da Raid 21,Defeat both bosses of Raid 21,Derrota a los dos jefes de la Oleada 21,Vainquez les deux boss de la Vague 21
PLAYER_QUEST_WARRIOR,Compre Armadura até o Lv 5,Buy Armor up to Lv 5,Compra Armadura hasta el Lv 5,Achetez l'Armure jusqu'au Niv 5
PLAYER_QUEST_PATRIOTA,Elimine um mago a longa distância com uma flecha perfurante,Eliminate a mage at long range with a piercing arrow,Elimina a un mago a larga distancia con una flecha perforante,Éliminez un mage à longue distance avec une flèche perforante
PLAYER_QUEST_SPUTNIK,Passe de um round sem atirar nenhuma flecha,Clear a round without firing a single arrow,Supera una oleada sin disparar ninguna flecha,Terminez une manche sans tirer une seule flèche
PLAYER_QUEST_NAUTICA,Elimine 500 inimigos vulneráveis pela Fúria da Maré,Eliminate 500 enemies made vulnerable by Tide's Fury,Elimina 500 enemigos vulnerables por la Furia de la Marea,Éliminez 500 ennemis rendus vulnérables par la Fureur de la Marée
PLAYER_QUEST_WORLD_CUP,Disponível na loja por pétalas,Available in the shop for petals,Disponible en la tienda por pétalos,Disponible dans la boutique contre des pétales
ITEM_AMULETO_DESCOBERTA_NAME,Amuleto da Descoberta,Amulet of Discovery,Amuleto del Descubrimiento,Amulette de la Découverte
ITEM_AMULETO_DESCOBERTA_DESC,"A cada 5 rounds você ganha de graça um status ou upgrade que ainda não possui (sempre no nível 1 — como ganhar 4 de ouro). Se já tiver tudo, ganha 4 de ouro no lugar.","Every 5 rounds you get a free status or upgrade you do not own yet (always at level 1 — like earning 4 gold). If you already have everything, you get 4 gold instead.","Cada 5 rondas obtienes gratis un estado o mejora que aún no tienes (siempre en nivel 1 — como ganar 4 de oro). Si ya lo tienes todo, recibes 4 de oro en su lugar.","Tous les 5 tours, vous gagnez gratuitement un statut ou une amélioration que vous n'avez pas encore (toujours au niveau 1 — comme gagner 4 d'or). Si vous avez déjà tout, vous recevez 4 d'or à la place."
ITEM_REQ_AMULETO_STATUS,Compre os 5 status diferentes na loja,Buy all 5 different stats in the shop,Compra los 5 estados diferentes en la tienda,Achetez les 5 statuts différents en boutique
ITEM_REQ_AMULETO_UPGRADES,Compre 15 upgrades diferentes na loja,Buy 15 different upgrades in the shop,Compra 15 mejoras diferentes en la tienda,Achetez 15 améliorations différentes en boutique
HUD_AMULET_DISCOVERY_TITLE,AMULETO: NOVA DESCOBERTA,AMULET: NEW DISCOVERY,AMULETO: NUEVO DESCUBRIMIENTO,AMULETTE : NOUVELLE DÉCOUVERTE
HUD_AMULET_GOLD_SUFFIX,de Ouro,Gold,de Oro,d'Or
ITEM_CHAMADO_MATILHA_NAME,Chamado da Matilha,Call of the Pack,Llamado de la Manada,Appel de la Meute
ITEM_CHAMADO_MATILHA_DESC,"Pets ficam à venda em TODA loja a partir da wave 5, em vez de só a cada 2 waves.","Pets are for sale in EVERY shop from wave 5 on, instead of only every 2 waves.","Las mascotas están a la venta en CADA tienda a partir de la oleada 5, en vez de solo cada 2 oleadas.","Les familiers sont en vente dans CHAQUE boutique à partir de la vague 5, au lieu de toutes les 2 vagues."
LEADERBOARD_MY_RUNS,Minhas runs,My runs,Mis partidas,Mes parties
HUD_REPLAY_SAVING,Gerando GIF...,Generating GIF...,Generando GIF...,Génération du GIF...
SHOP_ARCANE_GRANTED,Ouro concedido nesta run: %d,Gold granted this run: %d,Oro concedido esta partida: %d,Or accordé cette partie : %d
ITEM_BOTAS_ARISCAS_NAME,Botas Ariscas,Skittish Boots,Botas Inquietas,Bottes Farouches
ITEM_BOTAS_ARISCAS_DESC,"Suas skills de mobilidade (dash, esquiva, fenda, adrenalina) já vêm no nível 2 ao comprar ou ganhar, e têm -15% de cooldown.","Your mobility skills (dash, dodge, rift, adrenaline) come at level 2 when you buy or earn them, and have -15% cooldown.","Tus habilidades de movilidad (dash, esquiva, grieta, adrenalina) llegan al nivel 2 al comprarlas o ganarlas, y tienen -15% de enfriamiento.","Vos compétences de mobilité (dash, esquive, faille, adrénaline) arrivent au niveau 2 quand vous les achetez ou gagnez, et ont -15% de temps de recharge."
ITEM_REQ_BOTAS_ARISCAS,Use o ativo de uma skill de mobilidade 75 vezes,Use a mobility skill's active 75 times,Usa el activo de una habilidad de movilidad 75 veces,Utilisez l'actif d'une compétence de mobilité 75 fois
ITEM_PRIMAVERA_NAME,Primavera Eterna,Eternal Spring,Primavera Eterna,Printemps Éternel
ITEM_PRIMAVERA_DESC,"Ganha +1 pétala no fim de cada round (com 30% de chance de ganhar 2), e a chance de cada inimigo dropar pétala sobe para 2%.","Gain +1 petal at the end of each round (with a 30% chance of 2), and each enemy's petal drop chance rises to 2%.","Ganas +1 pétalo al final de cada ronda (con 30% de probabilidad de 2), y la probabilidad de que cada enemigo suelte pétalo sube a 2%.","Gagnez +1 pétale à la fin de chaque manche (avec 30% de chance d'en gagner 2), et la chance que chaque ennemi lâche un pétale monte à 2%."
HUD_BOTAS_L2_TITLE,NÍVEL 2 GRÁTIS!,FREE LEVEL 2!,¡NIVEL 2 GRATIS!,NIVEAU 2 GRATUIT !
ITEM_DIAMANTE_NAME,Diamante de Eulária,Eulária's Diamond,Diamante de Eulária,Diamant d'Eulária
ITEM_DIAMANTE_DESC,"No início da run, um upgrade aleatório fica turbinado a run inteira (marcado com 💎 na loja). Em troca, você não tem mais rerolls.","At run start, a random upgrade is supercharged for the whole run (marked 💎 in the shop). In exchange, you lose all rerolls.","Al inicio de la run, un upgrade aleatorio queda potenciado toda la run (marcado 💎 en la tienda). A cambio, pierdes los rerolls.","Au début de la run, une amélioration aléatoire est surchargée pour toute la run (marquée 💎 en boutique). En échange, vous perdez les rerolls."
ITEM_REQ_DIAMANTE,Passe da wave 14 sem usar nenhum reroll,Reach past wave 14 without using any reroll,Supera la oleada 14 sin usar ningún reroll,Dépassez la vague 14 sans utiliser de reroll
SHOP_DIAMANTE_DESC_PERFURACAO,💎 +30% dano perfurante e hitbox maior já no L1,💎 +30% pierce damage and bigger hitbox from L1,💎 +30% daño perforante y hitbox mayor desde L1,💎 +30% dégâts perçants et hitbox plus grande dès le N1
SHOP_DIAMANTE_DESC_MULTI_ARROW,💎 L3 vira 5 flechas; L4 dispara 10 em 360°,💎 L3 becomes 5 arrows; L4 fires 10 in 360°,💎 L3 pasa a 5 flechas; L4 dispara 10 en 360°,💎 N3 devient 5 flèches; N4 tire 10 en 360°
SHOP_DIAMANTE_DESC_DOUBLE_ARROWS,💎 +30% nas chances de flechas extras,💎 +30% extra-arrow proc chances,💎 +30% en las probabilidades de flechas extra,💎 +30% de chances de flèches bonus
SHOP_DIAMANTE_DESC_SPECTRAL_ARROW,💎 +1 espectral por nível e +10% dano,💎 +1 spectral per level and +10% damage,💎 +1 espectral por nivel y +10% daño,💎 +1 spectrale par niveau et +10% dégâts
SHOP_DIAMANTE_DESC_RICOCHET_ARROW,💎 +1 pulo por nível,💎 +1 bounce per level,💎 +1 rebote por nivel,💎 +1 rebond par niveau
SHOP_DIAMANTE_DESC_CRITICAL_CHANCE,💎 +20% de chance e +10% de dano crítico em todos os níveis,💎 +20% crit chance and +10% crit damage at all levels,💎 +20% prob. y +10% daño crítico en todos los niveles,💎 +20% chances et +10% dégâts critiques à tous les niveaux
SHOP_DIAMANTE_DESC_FIRE_ARROW,💎 +30% na queima e +40% nos rastros,💎 +30% burn and +40% trail damage,💎 +30% quemadura y +40% en los rastros,💎 +30% brûlure et +40% sur les traînées
SHOP_DIAMANTE_DESC_ICE_ARROW,💎 inimigos que morrem congelados explodem (dano+slow),💎 enemies dying frozen explode (damage+slow),💎 enemigos que mueren congelados explotan (daño+lentitud),💎 les ennemis morts gelés explosent (dégâts+ralentissement)
SHOP_DIAMANTE_DESC_CURSE_ARROW,💎 maldição com propagação infinita e decay de aliado 25s,💎 curse spreads infinitely; ally decay 25s,💎 maldición con propagación infinita; decay aliado 25s,💎 malédiction à propagation infinie; déclin allié 25s
SHOP_DIAMANTE_DESC_STONE_ARROW,💎 sem perda de alcance e +1s de stun,💎 no range penalty and +1s stun,💎 sin penalización de alcance y +1s de aturdimiento,💎 sans malus de portée et +1s d'étourdissement
SHOP_DIAMANTE_DESC_TIDE_ARROW,💎 sem o -15% de dano e +10% atk speed no L2,💎 no -15% damage penalty and +10% atk speed at L2,💎 sin el -15% de daño y +10% vel. ataque en L2,💎 sans le -15% de dégâts et +10% de cadence au N2
SHOP_DIAMANTE_DESC_CHAIN_LIGHTNING,💎 +1 alvo por nível na cadeia e no raio,💎 +1 target per level on chain and bolt,💎 +1 objetivo por nivel en cadena y rayo,💎 +1 cible par niveau sur la chaîne et l'éclair
SHOP_DIAMANTE_DESC_GRAVITON,💎 explosão já no L3 e +25% de dano no L4,💎 explosion from L3 and +25% damage at L4,💎 explosión desde L3 y +25% daño en L4,💎 explosion dès le N3 et +25% dégâts au N4
SHOP_DIAMANTE_DESC_BOOMERANG,💎 +50% dano; -30% cooldown e 6 bumerangues no L4,💎 +50% damage; -30% cooldown and 6 boomerangs at L4,💎 +50% daño; -30% enfriamiento y 6 bumeranes en L4,💎 +50% dégâts; -30% recharge et 6 boomerangs au N4
SHOP_DIAMANTE_DESC_TIGER_CLAWS,💎 +1 alvo por nível e +15% de dano,💎 +1 target per level and +15% damage,💎 +1 objetivo por nivel y +15% daño,💎 +1 cible par niveau et +15% dégâts
SHOP_DIAMANTE_DESC_DASH,💎 -30% cooldown e rastro de dano já no L1,💎 -30% cooldown and damage trail from L1,💎 -30% enfriamiento y rastro de daño desde L1,💎 -30% recharge et traînée de dégâts dès le N1
SHOP_DIAMANTE_DESC_ESQUIVANDO,💎 +30% por stack e +50% de esquiva,💎 +30% per stack and +50% dodge,💎 +30% por acumulación y +50% de evasión,💎 +30% par cumul et +50% d'esquive
SHOP_DIAMANTE_DESC_FENDA,💎 -20% cooldown e dano em área no destino,💎 -20% cooldown and AoE damage at the destination,💎 -20% enfriamiento y daño en área en el destino,💎 -20% recharge et dégâts de zone à la destination
SHOP_DIAMANTE_DESC_ADRENALINA,💎 +50% move por HP perdido e +30% atk speed na skill,💎 +50% move per missing HP and +30% atk speed on skill,💎 +50% mov. por vida perdida y +30% vel. ataque en la habilidad,💎 +50% de vitesse par PV perdu et +30% de cadence sur la compétence
SHOP_DIAMANTE_DESC_LIFE_STEAL,💎 +30% de cura; puxa corações no L3 e coração dá move speed,💎 +30% heal; pulls hearts from L3; hearts give move speed,💎 +30% curación; atrae corazones desde L3 y dan vel. mov.,💎 +30% de soin; attire les cœurs dès le N3 et donnent de la vitesse
SHOP_DIAMANTE_DESC_GOLD_MAGNET,💎 puxa moedas no L3 e +1% de drop por nível,💎 pulls coins from L3 and +1% drop per level,💎 atrae monedas desde L3 y +1% de drop por nivel,💎 attire les pièces dès le N3 et +1% de butin par niveau
SHOP_DIAMANTE_BUFF_THIS_RUN,💎 Turbinado nesta run: %s,💎 Supercharged this run: %s,💎 Potenciado esta run: %s,💎 Surchargé cette run : %s
SHOP_DIAMANTE_NO_BUFF,💎 Nenhum upgrade sorteado nesta run,💎 No upgrade rolled this run,💎 Ningún upgrade sorteado esta run,💎 Aucune amélioration tirée cette run
